Name,Comment,Time,Likes,Reply Count
The Sunnah House ЁЯПа рж╕рзБржирзНржирж╛рж╣ ржШрж░,Alhamdulillah,2022-07-12T11:58:21Z,0,0
Harun Or Rashid,Alhamdulilla,2022-07-12T11:31:10Z,0,0
Muhammad Mehedi Hasan,Dna ржЯрзЗрж╖рзНржЯ ржХрж░рж╛рж░ ржжрж░ржХрж╛рж░ ржирж╛ржЗ ржмрзЛржирзЗрж░ рж╕рж╛ржерзЗ ржЪрзЗрж╣рж╛рж░рж╛ рж╕ржорзНржкрзВрж░рзНржг ржорж┐рж▓,2022-07-12T10:55:40Z,0,0
Layabur Rahaman,ржХрж┐ржмрж░рж┐рзЯрж╛ ржнрж╛ржЗ ржмрж┐ржжрзЗрж╢рзЗ ржпрж╛рж░рж╛ ржерж╛ржХрзЗ ржПржжрзЗрж░ ржЕржмржжрж╛ржи рж╕ржмржЪрзЗрзЯрзЗ ржмрзЗрж╢рзА,2022-07-12T07:51:49Z,0,0
Ankon Media,ржЖрж▓рж╣рж╛ржоржжрзБрж▓рж┐рж▓рзНрж▓рж╛рж╣,2022-07-12T07:37:08Z,0,0
Masud Alam,Ma  saler boy yoss monay  hoyta say ak soman.,2022-07-09T23:15:55Z,0,0
Arifa akhter,Alhamdulillah,2022-07-09T12:26:43Z,0,0
Sabiha Sultana,ржПрж░ ржЙржХрж┐рж▓ рж╣ржУрзЯрж╛ ржжрж░ржХрж╛рж░ ржЫрж┐рж▓рзЛред ржорж╛ржХрзЗ ржкрж╛ржУрзЯрж╛рж░ ржЖржХрзБрж▓рждрж╛ ржирж╛ ржжрзЗржЦрж┐рзЯрзЗ ржорж╛ржХрзЗ ржЬрзЗрж░рж╛рж░ ржкрж░ ржЬрзЗрж░рж╛ ржХрж░рзЗржЗ ржпрж╛ржЪрзНржЫрзЗред,2022-07-09T09:23:19Z,0,0
Kamal Hossain,ржЬрж╛ржЬрж╛ржХрж╛рж▓рзНрж▓рж╛рж╣ рж╣рж╛ржЗрзЯрж╛ржХрж╛рж▓рж▓рж╛рж╣ ржЦрж╛ржЗрж░рж╛ржи ржлрж┐ржжржжрзБржирзЯрж╛ ржЕрж▓ ржЖржЦрж┐рж░рж╛рждред ржнрж╛ржЗ ржзржирзНржпржмрж╛ржжред рж╕рзБржмрж╣рж╛ржирж╛рж▓рзНрж▓рж╛рж╣ред,2022-07-09T08:21:52Z,0,0
Shelena Ahmrd Rima,"ржХрж╛ржирзНржжрзЛржирзЗрж░ рж▓рзЛржХ рж╣рж╛рж╕рж▓рзЛ ржЖрж░ рж╣рж╛рж╕рзЛржирзЗрж░ рж▓рзЛржХ ржХрж╛ржБржжрж▓рзЛ,",2022-07-08T21:45:32Z,0,0
md Abdul hannan,ржЖрж▓рж╣рж╛ржоржжрзБрж▓рж┐рж▓рж▓рж╛рж╣ ржПржмржВ рж╕ржмрж╛ржЗржХрзЗ ржИржж ржорзЛржмрж╛рж░ржХ,2022-07-08T20:15:47Z,1,0
рж▓рзЗржмрж╛рж░ ржбрзЗ ржкрзНрж░рждрж┐ржжрж┐ржи,ржЖрж▓рж╣рж╛ржоржжрзБрж▓рж┐рж▓рзНрж▓рж╛рж╣ ржЖрж▓рзНрж▓рж╛рж╣ ржПржЗ ржмрзЛржи ржЯрж╛ ржХрзЗржУ рждрж╛рж░ ржЖржкржи ржарж┐ржХрж╛ржирж╛ ржлрж┐рж░рж▓рзЛ ржЖрж▓рж╣рж╛ржоржжрзБрж▓рж┐рж▓рзНрж▓рж╛рж╣ред,2022-07-08T19:49:35Z,1,0
Md Arif,Coy,2022-07-08T19:33:36Z,0,0
Syed Amin,ржЖрж▓рж╣рж╛ржоржжрзБ рж▓рж┐рж▓рзНрж▓рж╛рж╣ ржнрж╛ржЗ ржЖржкржирж╛ржжрзЗрж░ ржзржирзНржпржмрж╛ржж,2022-07-08T19:06:41Z,1,0
mohammad mozam,Alhamdolella,2022-07-08T17:04:18Z,0,0
Hamid Hossain,ржЖрж╕рж╕рж╛рж▓рж╛ржорзБржЖрж▓рж╛ржЗржХрзБржо ржнрж╛ржЗ ржпрждржЧрзБрж▓рж╛ рж╕рж╛ржкрзЛрж░рзНржЯрж╛рж░ ржжрзЗржЦржЫрж┐ ржнрж╛ржЗ,2022-07-08T15:49:19Z,0,0
Noman Hossian,ржЖрж▓рж╣рж╛ржоржжрзБрж▓рж┐рж▓рзНрж▓рж╛рж╣,2022-07-08T15:01:34Z,0,0
"Nadira Begum, Bhanga",ржЖрж▓рж╣рж╛ржоржжрзБрж▓рж┐рж▓рзНрж▓рж╛рж╣ред,2022-07-08T14:43:43Z,0,0
Mohammad Sojol,ржЖрж▓рж╣рж╛ржоржжрзБрж▓рж┐рж▓рзНрж▓рж╛рж╣ тЭдя╕П,2022-07-08T14:12:57Z,0,0
Ruvel hasan Hasan,ржЖрж▓рж╣рж╛ржоржжрзБрж▓рж┐рж▓рзНрж▓рж╛рж╣ ржЖрж▓рж╣рж╛ржоржжрзБрж▓рж┐рж▓рзНрж▓рж╛рж╣ ржЖрж▓рж╣рж╛ржоржжрзБрж▓рж┐рж▓рзНрж▓рж╛рж╣,2022-07-08T13:40:23Z,0,0
mohsin mohammad,Alhamdulillah,2022-07-08T12:42:41Z,0,0
Shorif Uddin,ржЖрж╕рж╕рж╛рж▓рж╛ржорзБ ржЖрж▓рж╛ржЗржХрзБржо ржХрж┐ржмрж░рж┐ржпрж╝рж╛ ржнрж╛ржЗ  ржПржЗ ржЖржкржбрзЗржЯржЯрж╛ ржжрзЗржЦрзЗ ржЦрзБрж╢рж┐ рж╣рж▓рж╛ржо ржЖрж▓рж╣рж╛ржоржжрзБрж▓рж┐рж▓рзНрж▓рж╛рж╣ ржжрзБржЗ ржлрзНржпрж╛ржорж┐рж▓рж┐ржХрзЗ ржнрж╛рж▓рзЛржнрж╛ржмрзЗ ржмрж╕ржмрж╛рж╕ ржХрж░рж╛рж░ рж╕рзБржпрзЛржЧ ржХрж░рзЗ ржжрж┐ржи ржЖржорж┐ржи рждрж╛ржУржпрж╝рж╛ржХрзНржХрж╛рж▓рждрзБ ржЖрж▓рзНрж▓рж╛рж╣,2022-07-08T12:40:08Z,1,0
Zaheda Akter,Alhamdulillah,2022-07-08T12:38:42Z,0,0
Sayema Ali,ржЖрж▓рж╣рж╛ржоржжрзБрж▓рж┐рж▓рзНрж▓рж╛рж╣рзН ред,2022-07-08T12:19:11Z,0,0
Ishra Jahan Vlogs,ржЖрж▓рж╣рж╛ржоржжрзБрж▓рж┐рж▓рзНрж▓рж╛рж╣ ржЖрж▓рж╣рж╛ржоржжрзБрж▓рж┐рж▓рзНрж▓рж╛рж╣ ЁЯд▓ЁЯд▓,2022-07-08T11:24:37Z,0,0
LIPTON,ржЖрж▓рж╣рж╛ржоржжрзБрж▓рж┐рж▓рзНрж▓рж╛рж╣,2022-07-08T11:20:09Z,0,0
Safiqul Islam,ржЖрж▓рж╣рж╛ржоржжрзБрж▓рж┐рж▓рзНрж▓рж╛рж╣ ред рж░рзБржирж╛  ржЕржирзЗржХ ржмрзЗрж╢рж┐  ржХржерж╛ ржмрж▓ржЫрзЗред ржпржжрж┐ржУ ржпрж╛ржЪрж╛ржЗрзЯрзЗрж░  ржЬржирзНржп  ржХржерж╛ ржмрж▓рж╛ ржжрж░ржХрж╛рж░  ржХрж┐ржирзНрждрзБ  ржжрж░ржХрж╛рж░рзЗрж░ ржЪрзЗрзЯрзЗ  ржмрзЗрж╢рж┐  ржмрж▓ржЫрзЗ,2022-07-08T10:14:02Z,1,0
Saharia TV20,"ржЖрж▓рж╣рж╛ржоржжрзБрж▓рж┐рж▓рзНрж▓рж╛рж╣ ржЖрж▓рзНрж▓рж╛рж╣ ржкрж╛ржХрзЗрж░ ржЗржЪрзНржЫрж╛ржпрж╝ рж░рзБржирж╛ ржЖржкрзБ 
рждрж╛рж░ ржкрж░рж┐ржмрж╛рж░рзЗ ржлрж┐рж░рзЗ ржЧрзЗрж▓                ржзржирзНржпржмрж╛ржж ржнрж╛ржЗ ржЖржкржирж╛ржжрзЗрж░ ржЯрж┐ржорзЗрж░ рж╕ржмрж╛ржЗржХрзЗ",2022-07-08T10:12:19Z,1,0
A.K.M Jahangir Alam,ржЖржорж┐рждрзЛ ржнрж╛рж╖рж╛ рж╢рзБржирзЗ ржмрзБржЭржЫрж┐ ржПржжрзЗрж░ ржмрж╛рзЬрзА  рзЯржпрж╢рзЛрж░/ ржирзЬрж╛ржЗрж▓,2022-07-08T10:03:48Z,0,0
Mir Hossain Khokon,ржЖрж▓рж╣рж╛ржоржжрзБрж▓рж┐рж▓рзНрж▓рж╛рж╣ ЁЯд▓,2022-07-08T08:41:04Z,0,0
Shebul Ahmed Shebul Ahmed,ржЖрж▓рж╣рж╛ржоржжрзБрж▓рж┐рж▓рзНрж▓рж╛рж╣,2022-07-08T08:40:13Z,0,0
Abtab Ahmed,Alhamdulillah,2022-07-08T08:29:13Z,0,0
KAMAL HOSSAIN,ржЖрж▓рж╣рж╛ржоржжрзБрж▓рж┐рж▓рзНрж▓рж╛рж╣,2022-07-08T08:26:25Z,0,0
Magid Abdul,ржЖрж▓рж╣рж╛ржоржжрзБрж▓рж┐рж▓рзНрж▓рж╛рж╣,2022-07-08T08:23:43Z,0,0
Md Edris,ржИржжрзЗрж░ ржЦрзБрж╢рж┐ ржЖржорж░рж╛ржУ ржнрж╛ржЧрж╛ржнрж╛ржЧрж┐ ржХрж░ржЫрж┐ ржЖрж▓рж╣рж╛ржоржжрзБрж▓рж┐рж▓рзНрж▓рж╛рж╣ред,2022-07-08T08:19:08Z,1,0
Juthi Juthi,ржЖржорж╛рж░ рзи ржжрж┐ржи ржмрзЯрж╕рзЗрж░ ржПрж░ ржХржирзНржпрж╛ рж╕ржирзНрждрж╛ржи ржорж╛рж░рж╛ ржЧрзЗржЫрзЗ рж╕рзЗржЗ рж╢рзЛржХ ржПржЦржирзЛ рж╕ржЗрждрзЗ ржкрж╛рж░рж┐ ржирж╛ ржЖржкржирж╛ржжрзЗрж░ ржЕржирзБрж╕рзНржарж╛ржи ржжрзЗржЦрзЗ рж╣рж╛рж░рж╛ржирзЛ рж╕ржирзНрждрж╛ржи ржЦрзБржЬрзЗ ржкрзЗрж▓рзЗ ржХржд рж╢рж╛ржирзНрждрж┐ рж╕рзЗржЯрж╛ ржЕржирзБржнржм ржХрж░рж▓рж╛ржо ржПржд ржПржд ржмржЫрж░ ржкрж░ рж╕ржирзНрждрж╛ржирзЗрж░ ржЬржирзНржп ржпрзЗ рж╣рж╛рж╣рж╛ржХрж╛рж░ рждрж╛ рж╢рзБржзрзБ ржкрзНрж░рж┐рзЯ ржЬржи ржмрзБржЬржмрзЗ . ржзржирзНржпржмрж╛ржж ржПржд ржорж╣рзО ржХрж╛ржЬрзЗрж░ ржЬржирзНржп ржЖржкржирж╛ржжрзЗрж░ ржЖрж▓рзНрж▓рж╛рж╣ ржоржЩрж▓ ржХрж░рзБржи,2022-07-08T08:00:26Z,2,0
shmanik 2211,"ржорж╛ рждрзЛ ржорж╛ рж╣рзЯ
ржХржЦржирзЛ ржорзЗрзЯрзЗржХрзЗ ржкрж░ ржХрж░рждрзЗ ржЪрж╛ржЗ ржирж╛ред",2022-07-08T07:34:18Z,0,0
Rebeka Khatun,Ed Mubarak sobaike,2022-07-08T07:28:29Z,0,0
shmanik 2211,Nice,2022-07-08T07:23:23Z,0,0
Md Saheen,ржЖрж▓рж╣рж╛ржоржжрзБрж▓рж┐рж▓рзНрж▓рж╛рж╣,2022-07-08T06:39:34Z,0,0
Somun Chowdhury,Alhamdulillah,2022-07-08T06:29:52Z,0,0
Fateha Jannat,"ржЖрж▓рж╣рж╛ржоржжрзБрж▓рж┐рж▓рзНрж▓рж╛рж╣
ржпрж╛рж░рж╛ ржмрзБржЭрзЗ ржжрж╛ржЗрждрзНржд, рждрж╛рж░рж╛ржЗ ржЖржжрж╛рзЯ ржХрж░рждрзЗ ржЪрж╛рзЯ",2022-07-08T06:24:43Z,1,0
Islam Azad,Kebria Brother is The GREAT  HERO....Dada Aamee.... India.... West Bengal.... Dakshin Dinajpur.... Kushmandi.... Baragachi.... Kharipara....Thaka video te Dakche,2022-07-08T06:03:40Z,0,0
Mushtaqur Rahman,ржПржЦржи ржПржд ржжрзНрж░рзБржд рж╕ржлрж▓рждрж╛ ржкрж╛ржУрзЯрж╛ ржпрж╛ржЪрзНржЫрзЗ рждрж╛ржЗ ржкрзБрж░рж╛рждржи ржЕрж╕ржлрж▓ ржнрж┐ржбрж┐ржУржЧрзБрж▓рзЛ ржЖржмрж╛рж░ ржжрзЗржЦрж╛рждрзЗ ржЕржирзБрж░рзЛржз ржХрж░ржЫрж┐ред,2022-07-08T05:51:55Z,2,0
Shamima's Vlog,ржЖрж▓рж╣рж╛ржоржжрзБрж▓рж┐рж▓рзНрж▓рж╛рж╣,2022-07-08T05:39:45Z,0,0
Md.Khukon Ahmmed,ржЖрж▓рж╣рж╛ржоржжрзБрж▓рж┐рж▓рзНрж▓рж╛рж╣,2022-07-08T04:46:51Z,0,0
Masud Rana,ржорж╛рж╢рж╛ржЖрж▓рзНрж▓рж╛рж╣,2022-07-08T04:30:12Z,0,0
NADIR AHMED,ржЖрж▓рж╣рж╛ржоржжрзБрж▓рж┐рж▓рзНрж▓рж╛рж╣,2022-07-08T04:16:48Z,0,0
Liza Islam,ржорж╛рзЯрзЗрж░ рж╕рж╛ржерзЗ ржЪрзЗрж╣рж╛рж░рж╛ рж░ ржорж┐рж▓ ржЖржЫрзЗ,2022-07-08T04:08:37Z,0,0
muhid ali,ржЖрж▓рж╣рж╛ржоржжрзБрж▓рж┐рж▓рзНрж▓рж╛рж╣,2022-07-08T03:02:51Z,0,0
ruhul. ?k amin,ржоржирзЗ ржХрж░рж┐ ржХрж╛ржирзНржирж╛ ржХрж░ржм ржирж╛ рждржмрзБржУ ржЪрзЛржЦ ржХрзЗржЯрзЗ ржпрж╛ржпрж╝ ржХрж┐ржмрж░рж┐ржпрж╝рж╛ ржнрж╛ржЗ ржЖрж▓рзНрж▓рж╛рж╣ ржЖржкржирж╛ржХрзЗ рж╣рж╛ржЬрж╛рж░ ржмржЫрж░рзЗрж░ ржЖржпрж╝рзБ ржжрж┐ржи,2022-07-08T02:44:09Z,1,0
Mohammed Kabir,Shafol er gun r gaiyn  na. Change technic if asking.. please,2022-07-08T01:59:10Z,0,0
Mohammed Kabir,Rj your asking system very poor,2022-07-08T01:43:35Z,0,0
Masuda Akhter,"ржЖрж▓рж╣рж╛ржоржжрзБрж▓рж┐рж▓рзНрж▓рж╛рж╣ ред
ржорж╣рж╛ржи ржЖрж▓рзНрж▓рж╛рж╣рзН ржпрзЗржирзЛ ржкрзГржерж┐ржмрзАрж░ рж╕ржХрж▓ ржорж╛ржХрзЗ рж╕ржирзНрждрж╛ржиржжрзЗрж░ ржкрзНрж░рждрж┐ рждрж╛ржБржжрзЗрж░ ржЧржнрзАрж░ ржоржорждрж╛рж░ ржЕржирзБржнрзВрждрж┐ ржкрзНрж░ржХрж╛рж╢рзЗрж░ рждрзМржлрж┐ржХ ржжрзЗржиред ржжрзЛржЖ ржХрж░рж┐, рж╕ржХрж▓ ржорж╛ ржЖрж░ рждрж╛ржжрзЗрж░ рж╕ржирзНрждрж╛ржирзЗрж░рж╛ ржнрж╛рж▓рзЛ ржерж╛ржХрзБржХ ред",2022-07-08T01:32:29Z,1,0
Hanif Sohel,ржмрзЛржирзЗрж░ рж╕рж╛ржерзЗ  ржЪрзЗрж╣рж╛рж░рж╛рж░  ржХрж┐  ржЪржорзОржХрж╛рж░   ржорж┐рж▓,2022-07-08T01:13:15Z,0,0
SUNDOR ALI101,┘И╪╣┘Д┘К┘Г┘Е ╪з┘Д╪│┘Д╪з┘Е ┘И╪▒╪н┘Е╪й ┘И╪и╪▒┘Г╪з╪к┘З,2022-07-08T01:00:06Z,0,0
SUNDOR ALI101,╪з┘Д╪н┘Е╪п ╪з┘Д┘Д┘З ╪╣┘К╪п ┘Е╪и╪з╪▒┘Г,2022-07-08T00:59:54Z,0,0
Abul Kalam,"ржЬржирж╛ржм ржХрж┐ржмрж░рж┐рзЯрж╛ ржнрж╛ржЗ ржЖрж╕рзНрж╕рж╛рж▓рж╛ржорзБ ржЖрж▓рж╛ржЗржХрзБржо ржУрзЯрж╛рж░рж╛рж╣ржорж╛рждрзБрж▓рзНрж▓рж╛рж╣ред ржнрж╛ржЗ, ржЖржкржирж┐ ржнрж┐ржбрж┐ржУ ржХрж┐ржЫрзБ ржмрж▓рзЗржи ржпрж╛ рж╢рзБржирждрзЗ ржЦрж╛рж░рж╛ржк рж▓рж╛ржЧрзЗ, ржЖржкржирж┐ рждрзЛ ржХрж┐ржЫрзБ ржирж╛ ржмрж▓рж┐рж▓рзЗржУ ржкрж╛рж░рзЗржи, ржмрж╛ ржЖржкржирж┐ ржирж╛ ржЬрж╛ржирж╛рж░ ржХржерж╛ ржиржЗред ржЖржкржирж┐ ржмржЧрзБрзЬрж╛рж░ рж▓рзЛржХ рж╕ржмржХржерж╛ ржЬрж╛ржирзЗржиред рж╕ржм рж╕ржорзЯ ржорж╛ржирзБрж╖ржХрзЗ ржмрж▓рзЗржи рж╕рзО ржнрж╛ржЗ ржмрзЛржи, рж╕рзО ржорж╛, ржиржирж╛рж╢ ржХрзЗ? ржЬрзЗржЯрж╛ ржХрзЗрж╣? ржЪрж╛ржЪрж╛ ржХрзЗ? ржЖржкржи рж░ржХрзНрждрзЗрж░ ржХрж┐ржирж╛, ржЖржкржирж┐ ржХрзЗржи ржПрж╕рзЗржЫрзЗржи?? ржнрж╛ржЗ ржПрж░рж╛ ржпржжрж┐ рж╕рзО ржкрж░рж┐ржЪрзЯ ржжрж┐рждрзЛ рждрж╛рж╣рж▓рзЗ ржЖржкржирж╛рж░ ржПржЦрж╛ржирзЗ ржЖрж╕рждрзЛ ржирж╛ред рж╣рж╛рж░рж┐рзЯрзЗ ржпрж╛ржУрзЯрж╛ ржорж╛ржирзБрж╖ржЯрж┐ржХрзЗ ржирзЗржУрзЯрж╛рж░ ржЬржирзНржп ржЖржкржиржЧрждрж┐рждрзЗ ржЖржкржирж╛рж░ ржЕржлрж┐рж╕рзЗ ржжрзВрж░ржжрзВрж░рж╛ржирзНржд ржерзЗржХрзЗ ржЫрзБржЯрзЗ ржПрж╕рзЗржЫрзЗ рж╕рзНржмрж╛ржорзАрж░ рж╕ржирзНрждрж╛ржиржХрзЗ ржЧрзНрж░рж╣ржи ржХрж░рж╛рж░ ржЬржирзНржпред ржЖрж░ ржЖржкржирж┐ ржмрж▓рзЗржи рж╕рзО,  ржЖржкржи, ржЖржкржи ржорж╛рзЯрзЗрж░ ржкрзЗржЯрзЗрж░ ржХрзЗрж╣ ржХрж┐ржирж╛, ржПржЗ рж╕ржорж╕рзНржд ржЬрж┐ржЬрзНржЮрзЗрж╕рж╛ ржпржЦржи ржХрж░рзЗржи рждржЦржи ржорж╛ржирзБрж╖рзЗрж░ ржоржи ржорзБржЦ ржХрж┐ рж░ржХржо рж╣рзЯрзЗ ржпрж╛рзЯ ржЕржирзЗржХрзЗ рж▓ржЬрзНржЬрж╛рзЯ ржорзБржЦ ржирж┐ржЫрзЛ ржХрж░рзЗ ржлрзЗрж▓рзЗред ржЖржкржирж┐ ржЕржирзЗржХ ржХрж┐ржЫрзБ ржирж╛ ржЬрж╛ржирждрзЗ рждрж╛ ржПржХржЯрзБ ржЬрзЗржирзЗ ржирж┐рж▓рзЗ ржнрж╛рж▓рзЛ, ржЬрзЗржЯрж╛ ржХрзЗ ржЪрж╛ржЪрж╛ ржХрзЗ ржЬрзЗржЯрзНржЯрж╕ ржХрзЗ? ржЬрзЗрж╕рзНрж╕ржЪ ржХрзЗ? рж╢рж╛рж▓рзА ржХрзЗ? ржмрзЬржХрзЗ ржХрж┐ ржмрж▓рзЗ ржЫрзЛржЯ ржХрзЗ ржмрж▓рзЗ? ржЖржкржирж┐ ржПржХржЯрзБ ржнрж┐ржбрж┐ржУрждрзЗ ржмрж▓рж╛рж░ ржЖржЧрзЗ рж▓рж┐ржЦрзЗ ржирж┐ржмрзЗржиред ржЖржкржирж╛ржХрзЗ ржПрждрзЛ ржХрж┐ржЫрзБ рж▓рж┐ржЦрж▓рж╛ржо ржмрж▓рзЗ ржжрзВржГржЦрж┐ржд рж╕рж░рж┐, ржЬрзЗржЬрж╛ржХрзБржорзБрж▓рзНрж▓рж╛рж╣ рж╣рж╛рзЯрж░рж╛ржи ржЖрж▓рзНрж▓рж╛рж╣ ржмрж╛рж░рзЗржХ ржкрж┐ред",2022-07-08T00:54:05Z,1,0
Abul Kalam,"ржЖрж╕рзНрж╕рж╛рж▓рж╛ржорзБ ржЖрж▓рж╛ржЗржХрзБржо ржУрзЯрж╛рж░рж╛рж╣ржорж╛рждрзБрж▓рзНрж▓рж╛рж╣ред рж░рзБржирж╛ ржлрж┐рж░рж┐рзЯрзЗ ржкрзЗрж▓рзЛ ржЖржкржи ржЯрж┐ржХрж╛ржирж╛ ржХрж┐ржирзНрждрзБ ржорж╛ ржЖрж░ ржиржирж╛рж╢ ржЫрж╛рзЬрж╛ ржЖрж░ ржХрж╛рж░рзЛ ржХрж╛ржЫрзЗ ржжрзЗржЦрж▓рж╛ржоржирж╛ ржЖржХрзБрждрж┐ ржЖрж░ ржнрж╛рж▓рзЛржмрж╛рж╕рж╛ред ржХрзЛржерж╛рзЯ рж╣рж╛рж░рж┐рзЯрзЗ ржпрж╛ржУрзЯрж╛ ржкрж╛ржУрзЯрж╛рж░ ржЖржиржирзНржж ржЖрж░ ржХрж╛ржирзНржирж╛ред  рж░рзБржирж╛,  ржмрзЬ ржнрж╛ржЗ,ржмрзЬ ржмрзЛржи ржХрж╛рж░рзЛ  ржЪрзЗрж╛ржЦрзЗрж░ ржкрж╛ржирж┐ ржирж╛ ржЖржиржирзНржж ржХрж┐ржЫрзБржЗ ржжрзЗржЦрж▓рж╛ржоржирж╛ред рж░рзБржирж╛рж░ ржорж╛рзЯрзЗрж░ ржЙржЪрж┐ржд ржЫрж┐рж▓ ржкрж░рж┐ржЪрзЯрзЗрж░ ржкрж░ рж░рзБржирж╛рж░ ржиржирж╛рж╢ ржУ ржнрж╛ржЧрж┐ржирж┐ржХрзЗ ржПржХржЯрзБ ржЬрзЬрж┐рзЯрзЗ ржзрж░рзЗ рж╢рзЛржЦрж░рж┐рзЯрж╛ ржмрж▓рж╛ред рж░рзБржирж╛ ржЫрзЗрж▓рзЗржЯрж┐ржХрзЗржУ ржЖржжрж░ ржХрж░рждрзЗ ржжрзЗржЦрж▓рж╛ржо ржирж╛редрж░рзБржирж╛ рж╕ржмрж╛ржЗржХрзЗ ржирж┐рзЯрзЗржЗ рж╕рзВржЦрзЗ ржерж╛ржХрзБржХред ржПржЗ ржорж╣рж┐рж▓рж╛ржЧрзБрж▓рж┐ ржЖрж▓рзНрж▓рж╛рж╣ ржкрж░рзНржжрж╛ ржХрж░рж╛рж░ рждрзМржлрж┐ржХ ржжрж╛ржи ржХрж░рзБржХред  ржПржоржирзЗ рждрзЛ ржмрзЛрж░ржХрж╛ ржмрж╛ ржкрж░рзНржжрж╛ ржирж╛ржЗредржПржЗ ржнрж┐ржбрж┐ржУрж░ ржорж╛ржзрзНржпржорзЗ ржХрзЛржЯрж┐ ржХрзЛржЯрж┐ ржорж╛ржирзБрж╖ ржЖрж░рзЛ ржжрзЗржЦрж╛рж░ рж╕рзБржпрзЛржЧ ржкрж╛ржЪрзНржЫрзЗ, ржЖрж▓рзНрж▓рж╛рж╣ ржПржЗ ржорж╣рж┐рж▓рж╛ржЧрзБрж▓рж┐ржХрзЗ ржЧрзЛржирж╛рж╣ ржерзЗржХрзЗ ржмрж╛ржБржЪрж╛рж░ рждрзМржлрж┐ржХ ржжрж╛ржи ржХрж░рзБржХредржЖржкржи ржЯрж┐ржХрж╛ржирж╛рж░ рж╕рж╛ржерзЗ ржЬрзЬрж┐ржд рж╕ржмрж╛ржЗ ржЖржирзНрждрж░рж┐ржХ ржзржирзНржпржмрж╛ржж ржЬрж╛ржирж╛ржЪрзНржЫрж┐ред",2022-07-08T00:42:34Z,0,0
Habib Ullha,Alhamdulillah,2022-07-08T00:22:37Z,0,0
Mohammad Kamrul,ржЖрж▓рж╣рж╛ржоржжрзБрж▓рж┐рж▓рзНрж▓рж╛рж╣ ржЖрж▓рзНрж▓рж╛рж╣рж░ ржЕрж╢рзЗрж╖ рж░рж╣ржоржд ржЖрж▓рж╣рж╛ржоржжрзБрж▓рж┐рж▓рзНрж▓рж╛рж╣,2022-07-07T23:42:13Z,0,0
Saroar Molla,ржЖрж▓рж╣рж╛ржоржжрзБрж▓рж┐рж▓рзНрж▓рж╛рж╣,2022-07-07T23:38:20Z,0,0
Alli Zinnah,"ржЖрж▓рж╣рж╛ржоржжрзБрж▓рж┐рж▓рзНрж▓рж╛рж╣,,,,",2022-07-07T23:26:57Z,0,0
Rekha's Daily Vlog,ржЖрж▓рж╣рж╛ржоржжрзБрж▓рж┐рж▓рзНрж▓рж╛рж╣,2022-07-07T23:26:37Z,0,0
Salina Uddin,ржЖрж▓рж╣рж╛ржоржжрзБрж▓рж┐рж▓рзНрж▓рж╛рж╣ ред,2022-07-07T23:10:33Z,0,0
Naz Vlogs UK,ЁЯд▓ЁЯд▓,2022-07-07T23:10:01Z,0,0
nazimuddin parvez,"ржпржжрж┐ рж▓рзЛржбрж╢рзЗржбрж┐ржВ рж╣рзЯ...тЪбтЪбтЪб
 ржнрзЗрждрж░рзЗ ржбрзБржХржмрж╛.....
ржЖржЬржХрзЗрж░ ржнрж┐ржбрж┐ржУрж░ рж╕рзЗрж░рж╛ ржЖржХрж░рзНрж╖ржг....
ржЫрж┐рж▓редредред",2022-07-07T23:07:11Z,0,0
ржЖржорж╛рж░ ржХрж▓рж╛рждрж┐ржпрж╝рж╛ ржЯрж┐ржнрж┐,ржХрж┐ржмрж░рж┐рзЯрж╛ ржнрж╛ржЗ ржПржХржЯрж╛ рж╕рзЗржиржЪрзБрж░рж┐ ржкрж░рзНржм ржХрж░рж╛ ржжрж░ржХрж╛рж░ ржЫрж┐рж▓,2022-07-07T23:02:33Z,0,0
Saiful Islam,ржЖрж▓рж╣рж╛ржоржжрзБрж▓рж┐рж▓рзНрж▓рж╛рж╣ рж╢рж╛рж╢рж░рж┐ рж╣рзЯржд ржЦрзБржм ржнрж╛рж▓рзЛ ржорж╛ржирзБрж╖ ржЪрж┐рж▓рзЛ,2022-07-07T23:00:55Z,1,0
Reajul Islam,ржпрзЗ ржмрзЛржиржЯрж┐ рждрж╛рж░ ржорж╛рзЯрзЗрж░ ржЗржЬрж╛ржЬржд  ржпржерж╛ рж╕рж╛ржзрзНржп ржЕржирзБржпрж╛рзЯрзА ржкрж╛рж▓ржи ржХрж░рж╛рж░ ржЪрзЗрж╖рзНржЯрж╛ ржХрж░ржЫрзЗ ржмрзЛржиржХрзЗ ржзржирзНржпржмрж╛ржж ржПржХржЬржи ржПрждрж┐ржорзЗрж░ ржжрзБржГржЦ ржжрзВрж░ ржХрж░рж╛рж░ рж▓ржХрзНрж╖рзЗ ржЕрж╕рж░рзБ ржкрзЗрж▓рзЗ ржпрж╛ржУрзЯрж╛рж░ ржЬржирзНржпрзЗ ржПржмржВ рждрж╛рж░ ржорж╛ ржХрзЗ ржЖрж▓рзНрж▓рж╛рж╣ ржЬрж╛ржирзНржирж╛ржд ржмрж╛рж╕рзА ржХрж░рзБржи ржЖржорж┐ржи,2022-07-07T22:59:54Z,1,0
Kobir Ahmed,"ржЕрж╛рж▓рж╣рж╛ржоржжрзБрж▓рж┐рж▓рзНрж▓рж╛рж╣,  ржмрзЬ ржмрзЬ ржбрж┐ржо ржЦрзЗрзЯрзЗржЫред",2022-07-07T22:59:53Z,0,0
Golam mostafa,ржЖрж▓рж╣рж╛ржоржжрзБрж▓рж┐рж▓рзНрж▓рж╛рж╣,2022-07-07T22:52:45Z,0,0
Mohammad Hasan,ржЖрж▓рзНрж▓рж╛рж╣ ржЖржкржирж┐ рж╕ржмрж╛ржЗ ржХрзЗ рж╕рзБрж╕рзНрже ржПржмржВ рж╕рзБржЦрзЗ рж░рж╛ржЦрж┐ржУ,2022-07-07T22:41:05Z,1,0
Mohammad Hasan,ржЖрж▓рж╣рж╛ржоржжрзБрж▓рж┐рж▓рзНрж▓рж╛рж╣ ржЖрж▓рж╣рж╛ржоржжрзБрж▓рж┐рж▓рзНрж▓рж╛рж╣ ржЖрж▓рж╣рж╛ржоржжрзБрж▓рж┐рж▓рзНрж▓рж╛рж╣,2022-07-07T22:40:21Z,0,0
Mohammad Hasan,ржЖрж░рзЗ ржкрж╛ржЧрж▓ ржПрждржЧрзБрж▓рзЛ ржкрзНрж░рж╢ржи ржХрж░рж╛ рж▓рж╛ржЧрзЗ ржирж┐?,2022-07-07T22:39:55Z,0,0
Suhel Ahmed,ржЖрж▓рж╣рж╛ржоржжрзБрж▓рж┐рж▓рзНрж▓рж╛рж╣рзН ржнрж╛ржЗржмрзЛржиржжрзЗрж░ ржоржзрзНржпрзЗ ржХрзЛржирзЛ ржорж╛рзЯрж╛ ржоржорждрж╛ ржжрзЗржЦрж╛ ржЧрзЗрж▓ржирж╛ред,2022-07-07T22:32:35Z,0,0
SHARMIN BEGUM,Alhamdulilla,2022-07-07T22:30:48Z,0,0
Md saiful Islam,ржЖрж▓рж╣рж╛ржоржжрзБрж▓рж┐рж▓рзНрж▓рж╛рж╣ ЁЯМ╣,2022-07-07T22:29:17Z,1,0
Dr Md Foyzul  Haque,ржЖрж╕рж╕рж╛рж▓рж╛ржорзБ ржЖрж▓рж╛ржЗржХрзБржоред  ржЖрж▓рж╣рж╛ржоржжрзБрж▓рж┐рж▓рзНрж▓рж╛рж╣,2022-07-07T22:25:45Z,0,0
Md Dudu,ржЖрж▓рж╣рж╛ржоржжрзБрж▓рж┐рж▓рзНрж▓рж╛рж╣ тЭдя╕ПтЭдя╕ПтЭдя╕П,2022-07-07T22:23:13Z,2,0
Lipe Jamadar,ржЖрж▓рж╣рж╛ржоржжрзБрж▓рж┐рж▓рзНрж▓рж╛рж╣ ржЖржкржи ржарж┐ржХрж╛ржирж╛рж░ ржкрждрж┐ржЯрж╛ ржкрж░рж┐ржмрж╛рж░ ржИржжрзЗрж░ ржЖржиржирзНржж ржнрж░рзЗ ржЙржарзБржХ ржЖржкржи ржЬржиржХрзЗ ржирж┐рзЯрзЗ ржИржж ржорзЛржмрж╛рж░ржХ  рж╕ржмрж╛ржЗржХрзЗ,2022-07-07T22:21:37Z,1,0
Hairu Hairu,ржЖрж▓рж╣рж╛ржоржжрзБрж▓рж┐рж▓рзНрж▓рж╛рж╣рзН,2022-07-07T22:16:12Z,0,0
Aklas Uddin,рж╕рзБржмрж╣рж╛ржирж╛рж▓рзНрж▓рж╛рж╣,2022-07-07T22:06:13Z,0,0
sobuz bangla,ржЖрж▓рж╣рж╛ржоржжрзБрж▓рж┐рж▓рзНрж▓рж╛рж╣рзН,2022-07-07T22:00:51Z,0,0
Shampa Das,ржиржирж╛рж╕ ржнржжрзНрж░ржорж╣рж┐рж▓рж╛ ржЖрж╕рж▓рзЗржЗ ржнрзАрж╖ржг ржнрж╛рж▓рзЛ... рждржмрзЗ рж░рзБржирж╛ ржЖрж░ рж░рзБржирж╛рж░ ржорж╛рзЯрзЗрж░ ржЕржнрж┐ржмрзНржпрж╛ржХрзНрждрж┐ ржнрж╛рж▓рзЛ рж▓рж╛ржЧрж▓ ржирж╛...... ржиржирж╛рж╕ ржпржЦржи ржХрж╛ржБржжржЫрж┐рж▓рзЗржи рж░рзБржирж╛рж░ ржорж╛рзЯрзЗрж░ ржЙржЪрж┐ржд ржЫрж┐рж▓ ржУржирж╛ржХрзЗ ржПржХржЯрзБ ржорж╛ржерж╛рзЯ рж╣рж╛ржд ржмрзБрж▓рж┐рзЯрзЗ рж╕рж╛ржирзНрждрзНржмржирж╛ ржжрзЗржУрзЯрж╛.......,2022-07-07T21:51:10Z,1,0
Abdul Mojid,"ржЖрж▓рж╣рж╛ржоржжрзБрж▓рж┐рж▓рзНрж▓рж╛рж╣
ржХрж╛ржЬрзЗрж░ ржЪрж╛ржкрзЗ ржЯрж╛ржЗржо ржорждрзЛ ржжрзЗржЦрждрзЗ ржкрж╛рж░рж┐ ржирж╛ржЗ 
ржПржЦржи ржжрзЗржЦрж╛ рж╢рзЗрж╖ ржХрж░рж▓рж╛ржо
UAE TIME 1:50",2022-07-07T21:50:57Z,0,0
Naher Begum,Alhamdulillah ЁЯСНЁЯд▓ЁЯПаЁЯМ╣ЁЯМ║ЁЯеА,2022-07-07T21:48:20Z,0,0
Parol Moni,ржорж╛ ржорж╛ ржорж╛ ржУ ржмрж╛ржмрж╛ тЭдтЭдтЭдтЭдЁЯд▓ЁЯП╗ЁЯд▓ЁЯП╗ЁЯд▓ЁЯП╗ЁЯд▓ЁЯП╗ЁЯд▓ЁЯП╗ЁЯд▓ЁЯП╗ЁЯд▓ЁЯП╗,2022-07-07T21:47:54Z,0,0
M Delowarhossain,ржЖрж▓рж╣рж╛ржоржжрзБрж▓рж┐рж▓рзНрж▓рж╛рж╣ред ржЖрж▓рзНрж▓рж╛рж╣рж░ рж░рж╣ржорждрзЗ рж░рзБржирж╛ рждрж╛рж░ ржкрж░рж┐ржмрж╛рж░рзЗрж░ рж╕ржирзНржзрж╛ржи ржкрзЗрж▓рзЗржиред,2022-07-07T21:40:38Z,1,0
┘К┘И┘Ж╪│ ┘Е┘К┘Ж╪з,╪з┘Д╪н┘Е╪п ╪з┘Д┘Д┘З ┘К╪з╪▒╪и ╪з┘Д╪╣╪з┘Д┘Е┘К┘Ж ╪з┘Д┘З┘Е ╪╡┘Д┘К ╪╣┘Д┘Й ╪│┘К╪п┘Ж╪з ┘И╪н╪и┘К╪и┘Ж╪з ┘И┘Ж╪и┘К┘Ж╪з ┘Е╪н┘Е╪п ┘И╪╣┘Д┘Й ╪в┘Д┘З ┘И╪╡╪н╪и┘З ┘И╪и╪з╪▒┘Г ┘И╪│┘Д┘Е,2022-07-07T21:31:14Z,1,0
Kamal Hussain,ЁЯе░ЁЯд▓ЁЯе░тЭгЁЯдйЁЯд▓,2022-07-07T21:30:34Z,0,0
Sha Aliom,ржЖрж▓рж╣рж╛ржоржжрзБрж▓рж┐рж▓рзНрж▓рж╛рж╣,2022-07-07T21:30:26Z,0,0
Md ala Uddin,ржЖрж▓рж╣рж╛ржоржжрзБрж▓рж┐рж▓рзНрж▓рж╛рж╣ ржзржирзНржпржмрж╛ржж ржнрж╛ржЗ,2022-07-07T21:22:13Z,0,0
Muhammad Zahangir,ржЖрж▓рж╣рж╛ржоржжрзБрж▓рж┐рж▓рзНрж▓рж╛рж╣,2022-07-07T21:20:29Z,0,0
Azizul Haq,Al hamdulillah masallah osadaron video ЁЯСН,2022-07-07T21:19:20Z,0,0
Munna Md,AlhamdulillahтЭдтЭдтЭд,2022-07-07T21:17:45Z,0,0
Azizul Haq,"Runar MAA masallah onek Valo MAA, oamar MAA I love you MAA tumi Kothai?",2022-07-07T21:11:57Z,1,0
As Abu hanif,ржЖрж▓рж╣рж╛ржоржжрзБрж▓рж┐рж▓рзНрж▓рж╛рж╣,2022-07-07T21:10:53Z,0,0
Yasmin Khanom,Alhumdullia,2022-07-07T21:00:02Z,0,0
Moseur Tonim,ржЖрж▓рж╣рж╛ржоржжрзБрж▓рж┐рж▓рзНрж▓рж╛рж╣,2022-07-07T20:59:53Z,0,0
Bulu Hossain,"ржЖрж▓рж╣рж╛ржоржжрзБрж▓рж┐рж▓рзНрж▓рж╛рж╣рзН 
ржмрзЛржи рждрж╛рж░ ржЬржирзНржп ржжрзЛрзЯрж╛ рж░рж╣рж┐рж▓рзЛ",2022-07-07T20:41:19Z,1,0
GAZI MOHAMMAD RASAL,Rj Kibria vai ржЕрж╕рж╛ржзрж░ржи ржПржХржЬржи ржЙржкрж╕рзНржерж╛ржкржХ рждрж╛рж░ ржХржерж╛ ржорж╛рж╢рж╛рж▓рзНрж▓рж╛рж╣ ржЖрж░ ржзрж░рзНржо рж╕ржорзНржкрж░рзНржХ рждрж╛рж░ рж╕ржарж┐ржХ ржЧрзЗрзЯрж╛ржирзЗрж░ ржЕржзрж┐ржХрж╛рж░рзАред,2022-07-07T20:39:41Z,1,0
Nurul Islam,"ржПржЦржи ржХрж┐ржирзНрждрзБ ржорзЗржЬрж╛ржЬ ржЦрж╛рж░рж╛ржк рж╣ржЪрзНржЫрзЗред ржУ ржЖрж╕рж▓рзЗ ржмрж╛ржк ржорж╛ ржЦрзЛржБржЬрждрзЗ ржЖрж╕рзЗржирж┐, ржПрж╕рзЗржЫрзЗ ржлрж╛ржЗржЬрж▓рж╛ржорж┐ ржХрж░рждрзЗред ржорж╛рждрзНрж░ рззрзи ржмржЫрж░рзЗрж░ ржмтАНрзНржпржмржзрж╛ржи ржУ рждрзЛ рж╕рж░рж╛рж╕рж░рж┐ ржУрж░ ржорж╛ржХрзЗ ржЪрзЗржирж╛рж░ ржХржерж╛ред ржнржжрзНрж░ ржорж╣рж┐рж▓рж╛ ржПржд ржХрж┐ржЫрзБ ржмрж▓ржЫрзЗ ржЕржержЪ ржУ ржЕржмрж╛ржирзНрждрж░  ржкрзНрж░рж╢рзНржирзЗрж░ ржкрж░ ржкрзНрж░рж╢рзНржиржЗ ржХрж░рзЗ ржпрж╛ржЪрзНржЫрзЗред ржЖржмрж╛рж░ ржмрж╛рж░ ржмрж╛рж░  рж╣рж╛рж╕ржЫрзЗред ржПржЗржЧрзБрж▓рж┐ ржХрж┐ржирзНрждрзНрждрзБ рж╕рж╣тАНрзНржп ржХрж░рж╛ ржпрж╛рзЯржирж╛ред рззрзи ржмржЫрж░ рж╣рзЯ рж╣рж╛рж░рж┐рзЯрзЗржЫрзЗ рждрж╛рж░ ржкрж░ржУ ржПржд ржвржВ? рж╕ржм ржХрж┐ржЫрзБрж░ ржПржХржЯрж╛ рж╕рзАржорж╛ ржЖржЫрзЗред",2022-07-07T20:38:48Z,1,0
Atik Md Atikul Islam,ржЖрж▓рж╣рж╛ржоржжрзБрж▓рж┐рж▓рзНрж▓рж╛рж╣ ЁЯТЦ,2022-07-07T20:38:41Z,0,0
Kamal Hossen,ржЖрж▓рж╣рж╛ржоржжрзБрж▓рж┐рж▓рзНрж▓рж╛рж╣рзН редрж╢рзБржнржХрж╛ржоржирж╛ ржЖржкржи ржарж┐ржХрж╛ржирж╛рж░ рж╕ржХрж▓ ржЯрж┐ржо ржорзЗржорзНржмрж╛рж░ржжрзЗрж░ ржкрзНрж░рждрж┐ ред,2022-07-07T20:33:13Z,1,0
Abdur Rahim,ржПрждрзЛ ржкрзЗржЫрж╛рж▓ ржкрж╛рж░рж╛ ржЖрж╕рж▓рзЗ ржЯрж┐ржХ ржирж╛редржПрждрзЛ ржХрж┐ржЫрзБ ржорж┐рж▓рж╛рж░ ржкрж░рзЗржУ ржХрзЗржи ржПрждрзЛ ржкрзНрж░рж╢рзНржи,2022-07-07T20:29:07Z,0,0
Balal 1122,ржЖрж▓рж╣рж╛ржоржжрзБрж▓рж┐рж▓рзНрж▓рж╛рж╣,2022-07-07T20:19:54Z,0,0
Sadika Yamin,alhamdulillah,2022-07-07T20:14:18Z,0,0
Faizur Rahman,ржЖрж▓рж╣рж╛ржоржжрзБ рж▓рж┐рж▓рзНрж▓рж╛рж╣,2022-07-07T20:13:58Z,0,0
Khan Computer,рж░рзБржирж╛ ржЖржкрзБ ржиржиржж ржЕржирзЗржХ ржнрж╛рж▓рзЛ  ржжрзЛрзЯрж╛ ржХрж░рж┐ ржЖрж▓рзНрж▓рж╛рж╣ ржпрзЗржи рж╕ржм рж╕ржорзЯ ржнрж╛рж▓рзЛ рж░рж╛ржЦрзЗржи,2022-07-07T20:09:29Z,1,0
kamaruddin Ahmed,ржЖржЬржХрзЗ ржорж┐рж╖рзНржЯрж┐ ржХржЗ?ржЖрж▓рж╣рж╛ржоржжрзБрж▓рж┐рж▓рзНрж▓рж╛рж╣рзН ржЖрж░рзЗржХржЯрж┐ ржкрж╛рж░рж┐ржмрж╛рж░рж┐ржХ ржорж┐рж▓ржи рж╕ржлрж▓рждрж╛ ржкрзЗрж▓ред,2022-07-07T20:08:23Z,0,0
ShahnazHassan01,тЩея╕ПтЩея╕ПтЩея╕ПтЩея╕ПтЩея╕П,2022-07-07T19:56:39Z,0,0
MIZANUR RAHMAN,рждрж╛ржжрзЗрж░ ржХрж╛ржБржжрж╛рж░ ржХржерж╛ рждрж╛рж░рж╛ ржХрж╛ржжрж▓рзЛ ржирж╛редржХрж╛ржжрж▓рзЛ ржпрж╛рж░ рж╣рж╛рж╕рж╛рж░ ржХржерж╛ рж╕рзЗ,2022-07-07T19:53:04Z,0,0
Mohammod Mohasim,ржЖрж▓рж╣рж╛ржоржжрзБрж▓рж┐рж▓рзНрж▓рж╛рж╣,2022-07-07T19:47:55Z,0,0
md habibur Rahman Kabir,ржЖрж▓рж╣рж╛ржоржжрзБрж▓рж┐рж▓рзНрж▓рж╛рж╣,2022-07-07T19:46:38Z,0,0
Sheuli Khan,SubhanAllah  !!! Jazakoumullahou kheiyrane тЭдтЭдтЭдЁЯШКЁЯШКЁЯШК,2022-07-07T19:38:39Z,0,0
┘Е╪│╪╣┘И╪п ┘Б╪│┘К╪▒,ржЖрж▓рж╣рж╛ржоржжрзБрж▓рж┐рж▓рзНрж▓рж╛рж╣ред,2022-07-07T19:33:48Z,0,0
Helal Bhat,ржорж╛ржХрзЗ ржЗржиржХрзЛржпрж╝рж╛рж░рж┐ ржХрж░рж╛ржЯрж╛ ржмржбрж╝ржЗ ржЕржжрзНржнрзБрждред,2022-07-07T19:33:00Z,0,0
Md Momin,ржЖрж▓рж╣рж╛ржоржжрзБрж▓рж┐рж▓рзНрж▓рж╛рж╣,2022-07-07T19:32:33Z,0,0
Shiuly Nasir,ржЖрж▓рж╣рж╛ржоржжрзВрж▓рж┐рж▓рзНрж▓рж╛рж╣рзН ржЖрж▓рж╣рж╛ржоржжрзВрж▓рж┐рж▓рзНрж▓рж╛рж╣рзН ржЖрж▓рзНрж▓рж╛рж╣рзНрж╣рзБржЖржХржмрж╛рж░ ржЖрж▓рзНрж▓рж╛рж╣рзНрж╣рзБржЖржХржмрж╛рж░ ржЕрж╕ржВржЦрзНржп ржЕрж╕ржВржЦрзНржп ржзржирзНржпржмрж╛ржж ржЖржкрзЛржирж╛ржХрзЗ,2022-07-07T19:29:19Z,1,0
MOSTOFA KAMAL,ржнрж╛ржЗрзЯрзЗрж░ рждрзЗржоржи ржХрзЛржи ржЖржмрзЗржЧ ржжрзЗржЦрж▓рж╛ржо ржирж╛ред рж╣рзЯрждрзЛ ржХрж╛рж░рзЛ ржЪрж╛ржкрзЗ ржкрж░рзЗ ржЖрж╕рждрзЗ ржмрж╛ржзрзНржп рж╣ржЗржЫрзЗред,2022-07-07T19:28:37Z,1,0
HALIMA TISHA,ржЖрж▓рж╣рж╛ржоржжрзБрж▓рж┐рж▓рзНрж▓рж╛рж╣ ржЖрж▓рж╣рж╛ржоржжрзБрж▓рж┐рж▓рзНрж▓рж╛рж╣ ржЖрж▓рж╣рж╛ржоржжрзБрж▓рж┐рж▓рзНрж▓рж╛рж╣,2022-07-07T19:24:45Z,0,0
GAZI MOHAMMAD RASAL,Alhamdulillah,2022-07-07T19:24:42Z,0,0
Md.Sahin Hossin,ржнрж╛ржЗ ржЖржкржиржХрзЗ ржЕржирзЗржХ ржзржирзНржпржмрж╛ржж ржПрж░ржХржо рж╕рзБржирзНржжрж░ ржПржХржЯрж╛ ржЕржирзБрж╖рзНржарж╛ржи ржжрзЗржпрж╝рж╛рж░ ржЬржирзНржп ЁЯМ╕ЁЯМ║,2022-07-07T19:24:32Z,1,0
Kmfaisal26,рж╕ржХрж▓ ржкрж╕ржВрж╢рж╛ ржЖрж▓рзНрж▓рж╛рж╣рж░,2022-07-07T19:21:14Z,0,0
Abu. Nasar Nasar,ржЖрж▓рж╣рж╛ржоржжрзБрж▓рж┐рж▓рзНрж▓рж╛рж╣,2022-07-07T19:15:54Z,0,0
Asaduzzaman Zaman,Alhamdulillah Alhamdulillah,2022-07-07T19:11:23Z,0,0
Cooking & Vlogs with RB,masha allah,2022-07-07T19:10:55Z,0,0
rafiq ullah,"ржЬрзЗрж░рж╛рж░ ржкрж░ ржЬрзЗрж░рж╛ ржЪрж▓ржЫрзЗ,",2022-07-07T19:08:16Z,0,0
Fazlay Azam,"ржХрж┐ржмрж░рж┐рзЯрж╛ ржнрж╛ржЗ ржЖржкржирж┐ ржХрж╛рж░ ржХрж┐ рж╕ржорзНржкрж░рзНржХ ржПржЯрж╛ рж╕рж╣ржЬрзЗ ржмрзЛржЭрзЗржиржирж╛ ржпржЦржи рждржЦржи рждрж╛ ржмрж╛рж░ржмрж╛рж░ ржЬрж╛ржирждрзЗ ржЪрж╛ржи ржЖржмрж╛рж░ ржмрж▓рзЗржи ржЖржорж┐ ржмрзБржЭрж┐ржирж╛ред ржЖржорж╛рж░ ржорж╛ржерж╛рзЯ ржЭржЯрж▓рж╛ рж▓рзЗржЧрзЗ ржпрж╛рзЯ, рждрж╛рж╣рж▓рзЗ рждрж╛ ржЬрж╛ржирждрзЗ ржЪрж╛ржи ржХрзЗржи? ржжрж░рзНрж╢ржХ рждрзЛ ржП ржЬржирзНржп ржЖржкржирж╛ржХрзЗ ржХрж┐ржЫрзБ ржмрж▓рзЗржирж╛ред",2022-07-07T19:03:36Z,1,0
Nadim Farazi,Mash allh,2022-07-07T19:01:43Z,0,0
Kalpana shankar Yadav,Alhamdulillah Alhamdulillah onek onek doa Kori shobar,2022-07-07T19:00:54Z,0,0
JABBAR MEDIA,ржПржЦржи ржпржд ржЖржкржбрзЗржЯ рж╣рзЯ ржХрзЗрж╣рж░ ржЪрзЛржЦрзЗ ржкрж╛ржирж┐ ржирж╛ржЗ ржХрзЗржи,2022-07-07T18:56:51Z,0,0
Kamal Bd,"Kebria vai, cholen apnake apner familyr kase powse dei",2022-07-07T18:56:51Z,0,0
Kamal Bd,Alhamdulillah,2022-07-07T18:55:17Z,0,0
Bashed Ali,Thank you so much Eid Mubarak,2022-07-07T18:51:53Z,2,0
Fazlay Azam,"ржХрж┐ржмрж░рж┐рзЯрж╛ ржнрж╛ржЗ, ржЖржкржирж╛рж░ рж╕рзНржЯрзБржбрж┐ржУ 'рж░ ржмрж┐ржЪрж┐рждрзНрж░ ржХрж╛рж▓рж╛рж░ржЧрзБрж▓ржХрзЗ ржПржХ ржХрж╛рж▓рж╛рж░ ржХрж░рж╛ ржпрж╛рзЯржирж╛?",2022-07-07T18:51:51Z,1,0
Gias talukder,ржЖрж▓рж╣рж╛ржоржжрзБрж▓рж┐рж▓рзНрж▓рж╛рж╣ ржЖрж▓рзНрж▓рж╛рж╣ ржЪрж╛ржЗрж▓рзЗ рж╕ржм ржХрж░рждрзЗ ржкрж╛рж░рзЗржиред,2022-07-07T18:50:02Z,1,0
Shaheen Akhter,Alhamdulillah,2022-07-07T18:50:01Z,0,0
Jewel ahmmed1990,ржЖрж▓рж╣рж╛ржоржжрзБрж▓рж┐рж▓рзНрж▓рж╛рж╣,2022-07-07T18:49:05Z,0,0
Fmk 031,ржЖрж▓рж╣рж╛ржоржжрзБрж▓рж┐рж▓рзНрж▓рж╛рж╣ ржЖрж▓рж╣рж╛ржоржжрзБрж▓рж┐рж▓рзНрж▓рж╛рж╣ ржЕржирзЗржХ ржнрж╛рж▓рзЛржмрж╛рж╕рж╛ рж░ржЗрж▓ ржХрж┐ржмрж░рж┐рзЯрж╛ ржнрж╛ржЗрзЯрзЗ ржкрзНрж░рждрж┐ ржПржоржи ржЕржирзБрж╖рзНржарж╛ржи ржпржжрж┐ ржирж╛ рж╣рждрзЛ рждрж╛рж╣рж▓рзЗ ржП-рждрзЛ ржЧрзБрж▓рзЛ ржЕрж╕рж╣рж╛рзЯ ржорж╛ржирзБрж╖ ржХрзЛржи ржжрж┐ржи ржкрж░рж┐ржмрж╛рж░рзЗрж░ ржХрж╛ржЫрзЗ ржлрж┐рж░рждрзЛ ржирж╛ ржнрж╛рж▓рзЛ ржерж╛ржХржмрзЗржи рж╢рзБржнржХрж╛ржоржирж╛ рж╕рзБрж╕рзНрже ржерж╛ржХржмрзЗржи рж╢рзБржнржХрж╛ржоржирж╛ рж░ржЗрж▓ ржЖржкржирж╛рж░ ржЬржирзНржп,2022-07-07T18:47:54Z,0,0
Ramisa Islam,ржХрж╛рж░ ржХрж╛ржиржирж╛рж░ ржХржерж╛ ржХрзЗ ржХрж╛ржжрзЗ рж╣рж╛рзЯрж░рзЗ ржорж╛ржирж╖,2022-07-07T18:46:49Z,0,0
mohammed balayet hossain Hossain,Walaikum Assalam Wa Rahmatullah Wa Barakatuh.,2022-07-07T18:46:49Z,1,1
Abul Khair,W/salam..,2022-07-07T18:50:38Z,0,
Hamid Ha,ржЖрж▓рж╣рж╛ржоржжрзБрж▓рж┐рж▓рзНрж▓рж╛рж╣ ржЖрж▓рзНрж▓рж╛рж╣ рждрж╛рзЯрж╛рж▓рж╛ ржЖржорж╛ржжрзЗрж░ рж╕ржмрж╛ржЗржХрзЗ рж╣рзЗржлрж╛ржЬржд ржХрж░рзБржи ржЖржорж┐ржи,2022-07-07T18:41:07Z,1,0
Nizam Uddin,Assalamualaikum kibria bhai kemon asen,2022-07-07T18:40:37Z,0,0
Muhammad Azim,Allhamulillah allhamulillah,2022-07-07T18:39:04Z,0,0
sm Nasir,ржЖрж▓рж╣рж╛ржоржжрзБрж▓рж┐рж▓рзНрж▓рж╛рж╣ тЭдя╕П ржЖрж▓рж╣рж╛ржоржжрзБрж▓рж┐рж▓рзНрж▓рж╛рж╣,2022-07-07T18:37:41Z,1,0
Amruja Akhter Tusty,ржЖрж▓рж╣рж╛ржоржжрзБрж▓рж┐рж▓рзНрж▓рж╛рж╣,2022-07-07T18:36:34Z,0,0
 Nooron Koli's Vlog USA,"Koto valo manush Runa r nonash, shashuri",2022-07-07T18:34:01Z,0,0
Rahat Parvez,ржнрж┐ржбрж┐ржУ рж╕рж╛ржЙржирзНржб ржПржЦржи ржЕржирзЗржХ ржХржо ржерж╛ржХрзЗ ржХрзЗржирзЛ?,2022-07-07T18:32:47Z,1,0
abu abdullah,ржЖрж▓рж╣рж╛ржоржжрзБрж▓рж┐рж▓рзНрж▓рж╛рж╣,2022-07-07T18:26:58Z,0,0
Md Abdul Kareem,ржЖрж▓рж╣рж╛ржоржжрзБрж▓рж┐рж▓рзНрж▓рж╛рж╣  ржЦрзБрж╢рж┐ рж╣рж▓рж╛ржо ржнрж╛ржЗ,2022-07-07T18:26:22Z,0,0
Md sanowar Hossen,ржЖрж▓рж╣рж╛ржоржжрзБрж▓рж┐рж▓рзНрж▓рж╛рж╣,2022-07-07T18:25:54Z,0,0
Abdul Jalil,ржЖрж▓рж╣рж╛ржоржжрзБрж▓рж┐рж▓рзНрж▓рж╛рж╣ ржИржжрзЗрж░ ржЖржЧрзЗ ржЖрж░рзЗржХржЯрж╛ ржнрж┐ржбрж┐ржУ рж╕ржлрж▓ржнрж╛ржмрзЗ рж╢рзЗрж╖ рж╣рзЛрж▓рзЛредред,2022-07-07T18:24:47Z,1,0
lg jual,ржЖрж▓рж╣рж╛ржоржжрзБтАМрж▓рж┐рж▓рзНрж▓рж╛рж╣,2022-07-07T18:21:26Z,0,0
Faruk Hossain,"ржЖрж▓рж╣рж╛ржоржжрзБрж▓рж┐рж▓рзНрж▓рж╛рж╣ ,
ржорж╣рж╛ржи ржЖрж▓рзНрж▓рж╛рж╣ ржкрж╛ржХ ржПрж░ ржжрж░ржмрж╛рж░рзЗ рж╢рзБржХрж░рж┐рзЯрж╛ ржЖржжрж╛рзЯ ржХрж░ржЫрж┐ред 
ржХрж┐ржмрж░рж┐рзЯрж╛ ржнрж╛ржЗ ржУ ржЙржирж╛рж░ ржЯрж┐ржоржХрзЗ рж╢рзБржнрзЗржЪржЫрж╛ ржПржмржВ  рж╕ржВрж╕рзНрж▓рж┐рж╕рзНржЯ рж╕ржХрж▓рзЗрж░ ржкрзНрж░рждрж┐ ржЖржирзНрждрж░рж┐ржХ ржЕржнрж┐ржиржирзНржжржи ржУ ржжрзЛрзЯрж╛ рж░ржЗрж▓рзЛред",2022-07-07T18:20:36Z,0,0
Rumi Akter,Alhamdulillah.,2022-07-07T18:14:24Z,0,0
MD SHADAT,ржЖрж▓рж╣рж╛ржоржжрзБрж▓рж┐рж▓рзНрж▓рж╛рж╣рзН,2022-07-07T18:14:06Z,0,0
Tania Tania,ржЖрж▓рж╣рж╛ржоржжрзБрж▓рж┐рж▓рзНрж▓рж╛рж╣рзН,2022-07-07T18:11:49Z,0,0
Mushtaq Chowdhury,Alhamdulillah,2022-07-07T18:11:31Z,0,0
Halimah Halimah,"ржЖржЧрж╛ржорзАржХрж╛рж▓ рж╢рзБржХрзНрж░ржмрж╛рж░ 
ржЖрж░рж╛ржлрж╛ржд 
ржПржЗ ржЖрж░рж╛ржлрж╛рждрзЗрж░ ржжрж┐ржи рж░рзЛржЬрж╛ рж░рж╛ржЦрж▓рзЗ ржкрж┐ржЫржирзЗ ржУ рж╕рж╛ржоржирзЗрж░ ржжрзБржЗ ржмржЫрж░рзЗрж░ ржЧрзБржгрж╛ ржорж╛ржл
рж╕рзБржмрж╣рж╛ржиржЖрж▓рзНрж▓рж╛рж╣",2022-07-07T18:10:37Z,1,0
Mom's Corner,"ржЖрж▓рж╣рж╛ржоржжрзБрж▓рж┐рж▓рзНрж▓рж╛рж╣, ржжрзБржЗ ржжрж┐ржХрзЗ ржжрзБржЗржЬржи ржЖрждрзНржорзАржпрж╝ржХрзЗ ржЦрзБржмржЗ ржнрж╛рж▓рзЛ рж▓рзЗржЧрзЗржЫрзЗ, ржПржжрж┐ржХрзЗ ржиржиржж, ржУржжрж┐ржХрзЗ ржжрзБрж▓рж╛ржнрж╛ржЗ, ржЦрзБржмржЗ ржЪржорзОржХрж╛рж░ ржжрзБржЗржЬржи ржорж╛ржирзБрж╖ред",2022-07-07T18:10:14Z,1,0
Md Bokul,ржЖрж▓рж╣рж╛ржоржжрзБрж▓рзНрж▓рж┐рж▓рж╛,2022-07-07T18:10:00Z,0,0
ЁЭЩ░ЁЭЪН ЁЭЩ▒ЁЭЪХЁЭЪШЁЭЪРЁЭЪРЁЭЪОЁЭЪЫ ЁЭЪДЁЭЪВЁЭЩ░,ржЖрж▓рж╣рж╛ржоржжрзБрж▓рж┐рж▓рзНрж▓рж╛рж╣рзН,2022-07-07T18:09:15Z,0,0
Razon ahmed raju,ржЖрж▓рж╣рж╛ржоржжрзБрж▓рж┐рж▓рзНрж▓рж╛рж╣ ржмрзЛржи ржЯрж┐ржУ ржлрж┐рж░рзЗ ржкрзЗрж▓рзЛ рждрж╛рж░ ржЖржкржи ржарж┐ржХрж╛ржирж╛  ржжрзЛрзЯрж╛ рж░ржЗрж▓рзЛ ржмрзЛржиржЯрж┐рж░ ржЬржирзНржп,2022-07-07T18:02:26Z,1,0
baki billah khan,"ржЖрж▓рж╣рж╛ржоржжрзБрж▓рж┐рж▓рзНрж▓рж╛рж╣, ржЖрж▓рзНрж▓рж╛рж╣ рждрж╛рзЯрж╛рж▓рж╛ ржЕрж╢рзЗрж╖ рж░рж╣ржоржд",2022-07-07T18:02:25Z,1,0
Md Polass,"ржЖрж▓рж╣рж╛ржоржжрзБрж▓рж┐рж▓рзНрж▓рж╛рж╣, рж╕ржХрж▓ ржкрзНрж░рж╕ржВрж╕рж╛ ржЖрж▓рзНрж▓рж╛рж╣ рждрж╛рзЯрж╛тАЩрж▓рж╛рж░ред",2022-07-07T18:02:20Z,1,0
Md Zakir,ржЖрж▓рж╣рж╛ржоржжрзБрж▓рж┐рж▓рзНрж▓рж╛рж╣,2022-07-07T18:02:01Z,0,0
Mohammad Abdul Hamid,"ржЖрж▓рж╣рж╛ржоржжрзБрж▓рж┐рж▓рзНрж▓рж╛рж╣,  ржЖрж▓рж╣рж╛ржоржжрзБрж▓рж┐рж▓рзНрж▓рж╛рж╣",2022-07-07T18:00:39Z,0,0
Rahima Begum Zinu,ржЖрж▓рж╣рж╛ржжрзБрж▓рж┐рж▓рзНрж▓рж╛рж╣рзН ред,2022-07-07T17:56:07Z,0,0
Kh Omar,ржЖрж▓рж╣рж╛ржоржжрзБрж▓рж┐рж▓рзНрж▓рж╛рж╣,2022-07-07T17:54:15Z,0,0
Frioz Khan,ржЖрж▓рж╣рж╛ржоржжрзБрж▓рж┐рж▓рзНрж▓рж╛рж╣,2022-07-07T17:54:02Z,0,0
SOHEL SOHEL,ржЖрж▓рж╣рж╛ржоржжрзБрж▓рж┐рж▓рзНрж▓рж╛рж╣,2022-07-07T17:53:51Z,0,0
Abdulawal Awal,Alhamdulillah,2022-07-07T17:52:01Z,0,0
ADDA WITH NISHE,"ржЖрж▓рж╣рж╛ржоржжрзБрж▓рж┐рж▓рзНрж▓рж╛рж╣ тЭдя╕П
ржПржХ ржПржХржЯрж╛ рж╕ржлрж▓ ржЖржкржбрзЗржЯ ржжрзЗржЦрзЗ ржПрждрзНржд ржнрж╛рж▓рзЛрж▓рж╛ржЧрзЗ! 
ржнрж╛рж▓рзЛржмрж╛рж╕рж╛ ржкрзБрж░рзЛ ржЯрж┐ржоржХрзЗ 
ржЕржЧрзНрж░рзАржо ржИржж ржорзБржмрж╛рж░ржХ рж╕ржмрж╛ржЗржХрзЗред",2022-07-07T17:47:44Z,11,0
Mahin Khan,"ржЖрж▓рж╣рж╛ржоржжрзБрж▓рж┐рж▓рзНрж▓рж╛рж╣ 
ржжрзЛрзЯрж╛ ржУ рж╢рзБржн ржХрж╛ржоржирж╛ рж░ржЗрж▓",2022-07-07T17:45:40Z,2,0
Mohammed Nurul Alam,ржХрж┐ржмрж░рж┐ржпрж╝рж╛ ржнрж╛ржЗ ржЖржкржирж╛ржХрзЗ ржПржХржЯрж╛ ржкрж░рж╛ржорж░рзНрж╢ ржжрзЗржЗ ржмрж░рзНрждржорж╛ржирзЗ ржПрж▓ ржЗ ржбрж┐ ржЪрж╛рж░рзНржЬрж╛рж░ рж▓рж╛ржЗржЯ / ржмрж╛рж▓рзНржм ржкрж╛ржУржпрж╝рж╛ ржпрж╛ржпрж╝ 500/600 ржЯрж╛ржХрж╛ ржирж┐ржмрзЗ ржоржирзЗ рж╣ржпрж╝ ржПржЯрж╛ ржЖржкржирж╛рж░ рж▓рзЛржбрж╢рзЗржбрж┐ржВржпрж╝рзЗрж░ ржХрж╛ржЬрзЗ ржжрж┐ржмрзЗ ржЗржирж╢рж╛ржЖрж▓рзНрж▓рж╛рж╣,2022-07-07T17:43:13Z,0,0
My World,ржЖрж▓рж╣рж╛ржоржжрзБрж▓рж┐рж▓рзНрж▓рж╛рж╣ ржЖрж▓рзНрж▓рж╛ ржЖрж░ржУ ржПржХржЯрж┐ ржмрзЛржи рждрж╛рж░ ржкрж░рж┐ржмрж╛рж░рзЗрж░ ржкрж░рж┐ржЪрзЯ ржЦрзЛржБржЬ   ржкрж╛ржУржпрж╝рж╛ ржЧрзЗржЫрзЗ ржЕржирзЗржХ ржЕржирзЗржХ ржжрзЛрзЯрж╛ ржХрж░рж┐ ржЖрж▓рзНрж▓рж╛рж╣ ржжрж░ржмрж╛рж░рзЗ ржХржмрзБрж▓ ржХрж░рзБржи ржЖржорж┐ржи,2022-07-07T17:42:51Z,2,0
Shukur Ali,"ржмржЙрзЯрзЗрж░ ржирж╛ржорзЗ ржмржжржирж╛ржо, ржмрж╛рзЬрзА ржЧрзЗрж▓рзЗ ржмржЭржмрж╛ ржарзЗрж▓рж╛",2022-07-07T17:42:02Z,0,0
Ershad Ali,ржЖрж▓рж╣рж╛ржоржжрзБрж▓рж┐рж▓рзНрж▓рж╛рж╣,2022-07-07T17:41:52Z,0,0
Umme Habiba,Alhamdulillah ЁЯд▓,2022-07-07T17:41:44Z,0,0
sala uddin,ржЖрж▓рж╣рж╛ржоржжрзБрж▓рж┐рж▓рзНрж▓рж╛рж╣,2022-07-07T17:40:29Z,0,0
Mk Shohel,ржЖрж▓рж╣рж╛ржоржжрзБрж▓рж┐рж▓рзНрж▓рж╛рж╣рзН ржХрж┐ржмрж░рж┐рзЯрж╛ ржнрж╛ржЗ ржУ рж╕ржХрж▓ рж╕рзЗржЪрзНржЫрж╛рж╕рзЗржмржХ ржнрж╛ржЗржжрзЗрж░ ржЬржитАНрзНржп ржжрзЛрзЯрж╛ рж░ржЗрж▓ ржЖржорж┐ржи,2022-07-07T17:38:59Z,2,0
Monjur Ali,ржжрзЛрзЯрж╛ ржУрж╢рзБржн ржХрж╛ржоржирж╛ рж░ржЗрж▓рзЛ ржнрж╛рж▓рзЛ ржерж╛ржХржмрзЗржи рж╕ржмрж╛ржЗ ржЖржорж┐ржи,2022-07-07T17:37:15Z,0,0
Mahmudul Haque Tipu,ржЖрж▓рж╣рж╛ржоржжрзБрж▓рж┐рж▓рзНрж▓рж╛рж╣рзНред,2022-07-07T17:28:47Z,0,0
Amina Rahman,ржЖрж▓рж╣рж╛ржо ржжрзБрж▓рж┐рж▓рж▓рж╛,2022-07-07T17:26:39Z,0,0
Emo Akter,"ржЖрж▓рж╣рж╛ржоржжрзБрж▓рж┐рж▓рзНрж▓рж╛рж╣,,",2022-07-07T17:26:19Z,0,0
Habibur Rahman,ржЖрж▓рж╣рж╛ржоржжрзБрж▓рж┐рж▓рзНрж▓рж╛рж╣,2022-07-07T17:25:22Z,0,0
Kamal Chowdhury,Alhamdulillah,2022-07-07T17:23:52Z,0,0
ulfat shek,ржЖрж▓рж╣рж╛ржоржжрзБрж▓рж┐рж▓рзНрж▓рж╛рж╣ редржЗрзЯрж╛ ржЖрж▓рзНрж▓рж╛рж╣рзН ржЖржкржирж┐ ржПржЗ ржЯрж┐ржорзЗрж░ рж╕ржмрж╛ржЗржХрзЗ ржЙрждрзНрждржо ржЬрж╛ржЭрж╛ ржжрж╛ржи ржХрж░рзБржи редржЖржорж┐ржи,2022-07-07T17:21:33Z,1,0
Farida Khatun,Alhamdulillah,2022-07-07T17:19:39Z,0,0
Locutorio internacional,sub han allah  allah tumi mohan,2022-07-07T17:16:33Z,0,0
Mahmuda Rahman,ржЖрж▓рж╣рж╛ржоржжрзБрж▓рж┐рж▓рзНрж▓рж╛рж╣,2022-07-07T17:13:59Z,0,0
MD abdul Wahab,ржЖрж▓рж╣рж╛ржоржжрзБрж▓рж┐рж▓рзНрж▓рж╛рж╣ ржЕржирзЗржХ ржЕржирзЗржХ ржжрзЛрзЯрж╛ рж░рж╣рж┐рж▓ред,2022-07-07T17:13:49Z,1,0
KHALIDUR RAHMAN,ржЖрж▓рж╣рж╛ржоржжрзБрж▓рж┐рж▓рзНрж▓рж╛рж╣ рж╢рзБржХрзБрж░ ржЖрж▓рж╣рж╛ржоржжрзБрж▓рж┐рж▓рзНрж▓рж╛рж╣ред,2022-07-07T17:13:13Z,0,0
MD Ebrahim kholil Siam,"ржиржиржж рж╣ржЪрзНржЫрзЗ,, ржЫрзЛржЯ =ржиржирж╛рж╕ рж╣рж▓ ржмрзЬ",2022-07-07T17:10:32Z,0,0
Mohammed Yakub,"ржЖрж▓ рж╣рж╛ржоржжрзБрж▓рж┐рж▓рж▓рж╛рж╣ред
ржЖржорж┐ ржжрзБржмрж╛ржЗ ржерзЗржХрзЗ",2022-07-07T17:06:52Z,0,0
Bazlur Rahman,"ржорж╛рзЯрзЗрж░ рж╣рж┐ржЬрж╛ржм ржирзЗржЗ, ржорзЗрзЯрзЗ рж╣рж┐ржЬрж╛ржм ржкрж░рзЗржЫрзЗ . рж╢рж╛рж▓рж╛рж░ ржжрзЗрж╢рзЗ рж╣рж┐ржЬрж╛ржм ржмрзБрж░ржХрж╛, ржирж┐ржХрж╛ржм  ржХрж░ржгрзЗрж░ ржорждрзЛ ржЫрзЬрж┐рзЯрзЗ ржкрзЬрзЗржЫрзЗ рж╕ржорж╕рзНржд ржмрж╛ржВрж▓рж╛ржжрзЗрж╢рзЗред рж╕рзМржжрж┐рж░ ржжрзБржорзНржмрж╛ржЪрзБ ржЖрж░ржмрзЗрж░ ржУрж╣рж╛ржмрзА рж╕ржВрж╕рзНржХрзГржд ржЖржорж╛ржжрзЗрж░ ржжрзЗрж╢ржЯрж╛ ржзрзНржмржВрж╕ ржХрж░рзЗ ржжрж┐рзЯрзЗржЫрзЗред. ржУрзЯрж╛ржЬрж┐ ржлрж▓рзЛрзЯрж╛рж░ ржХрж┐ржмрж░рж┐рзЯрж╛ ржЗрж╕рж▓рж╛ржорж┐рж╕рзНржЯржжрзЗрж░ рж╕рж╛ржкрзЛрж░рзНржЯрж╛рж░  ржорж╛рзЯрзЗрж░  ржЕрзНржпрж╛ржХрж╕рзЗржирзНржЯ рж╢рзБржирзЗ ржмрзБржЭрждрзЗ ржкрзЗрж░рзЗржЫрж┐ ржпрзЗ рж╕рзЗ ржпрж╢рзЛрж░рзЗрж░ред ржмрж▓рж▓рзЛ ржирзЬрж╛ржЗрж▓рзЗ ржмрж╛рзЬрзАред ржпрж╢рзЛрж░ ржЬрзЗрж▓рж╛рзЯ рзйрзж ржмржЫрж░ ржЖржЧрзЗржУ ржЕрж▓ржорзЛрж╕рзНржЯ ржЬрж┐рж░рзЛ ржмрзБрж░рзНржХрж╛ рж╣рж┐ржЬрж╛ржм ржУрж░ ржирж┐ржХрж╛ржмред ржПржЧрзБрж▓рзЛ ржирзЛрзЯрж╛ржЦрж╛рж▓рзНрж▓рзНржпрж╛ рж╢рзБржУрж░рзЗрж░ ржмрж╛ржЪрзНржЪрж╛рж░рж╛ рж╕рзМржжрж┐ ржерзЗржХрзЗ ржЖржоржжрж╛ржирж┐ ржХрж░рзЗ ржмрж╛ржВрж▓рж╛ржжрзЗрж╢рзЗ ржЫрзЬрж┐рзЯрзЗ ржжрж┐рзЯрзЗржЫрзЗред ржмрж╛ржВрж▓рж╛ржжрзЗрж╢рзЗ ржпрзЗ ржХрзЯрзЗржХржмрж╛рж░ ржжрж╛ржЩрзНржЧрж╛ рж╣рзЯрзЗржЫрзЗ, ржирзЛрзЯрж╛ржЦрж╛рж▓рзНрж▓рзНржпрж╛рж░рж╛ ржХрж░рзЗржЫрзЗ рж╕ржмржЧрзБрж▓рзЛржЗ рж╕ржмрж╕ржорзЯ, ржХрж╛рж░ржг ржорж╛ржжрзНрж░рж╛рж╕рж╛ ржорж╕ржЬрж┐ржж ржЖрж░ ржУрзЯрж╛ржЬрзЗ ржПржХржЧрзБрж▓рзЛ рж╢рж┐ржХрзНрж╖рж╛ ржжрзЗрзЯрж╛ рж╣рзЯ.",2022-07-07T17:06:41Z,0,0
Aa Aaaa,ржЖржорж╛ржжрзЗрж░ ржмрж╛ржбрж╝рж┐ ржжрзМрж▓рж╛ржд ржкрзБрж░ ржЦрзБрж▓ржирж╛,2022-07-07T17:06:01Z,0,0
sahin ahmed,ржЖрж▓рж╣рж╛ржоржжрзБрж▓рж┐рж▓рзНрж▓рж╛рж╣,2022-07-07T17:05:43Z,0,0
Md Altaf,ржЖрж▓рж╣рж╛ржоржжрзБрж▓рж┐рж▓рзНрж▓рж╛рж╣,2022-07-07T17:04:42Z,0,0
Md Alomgir Hossain,Alhamdulillah,2022-07-07T17:03:59Z,0,0
JAHIRUL ISLAM CANADA,runa mone hosse court e jevabe jera kore oi vabe jera korse ter ma ke..............,2022-07-07T17:00:15Z,0,0
Ruksana Nina,Alhamdulillah,2022-07-07T16:58:01Z,1,0
mony mon,ржЖрж▓рзНрж▓рж╛рж╣рзБ ржЖржХржмрж╛рж░ ржЖрж▓рж╣рж╛ржоржжрзБрж▓рж┐рж▓рзНрж▓рж╛рж╣,2022-07-07T16:56:39Z,2,0
Mohammad Sulaiman,ржЖрж▓рж╣рж╛ржоржжрзБрж▓рж┐рж▓рзНрж▓рж╛рж╣ ржЖрж▓рж╣рж╛ржоржжрзБрж▓рж┐рж▓рзНрж▓рж╛рж╣ ржкрзГржерж┐ржмрзАрждрзЗ ржпржжрж┐ рж╢рзБржХрж░рж┐рзЯрж╛ ржЖржжрж╛рзЯ ржХрж░ ржПржХ ржорж╛ржП ржЖрж▓рзНрж▓рж╛рж╣рж░,2022-07-07T16:56:35Z,3,0
Akkas Ali,Ma  mone  pore  apona  ke  .dubai  teke .,2022-07-07T16:55:48Z,0,0
Md Selimmalik,ржЖрж▓рж╣рж╛ржоржжрзБрж▓рж┐рж▓рзНрж▓рж╛рж╣  ржЖрж▓рж╣рж╛ржоржжрзБрж▓рж┐рж▓рзНрж▓рж╛рж╣  ржЖрж▓рж╣рж╛ржоржжрзБрж▓рж┐рж▓рзНрж▓рж╛рж╣,2022-07-07T16:55:03Z,1,0
Quran Shikkha Edu,Alhamdulillah Alhamdulillah Alhamdulillah Alhamdulillah ЁЯЗзЁЯЗйЁЯЗзЁЯЗйЁЯЗзЁЯЗйЁЯЗзЁЯЗйЁЯЗзЁЯЗйЁЯЗзЁЯЗйЁЯЗзЁЯЗйЁЯЗзЁЯЗйЁЯЗзЁЯЗйЁЯЗзЁЯЗйЁЯЗзЁЯЗйЁЯЗзЁЯЗй,2022-07-07T16:54:39Z,1,0
Fakrul Islam,ржЖрж▓рж╣рж╛ржоржжрзБрж▓рж┐рж▓рзНрж▓рж╛рж╣,2022-07-07T16:52:37Z,1,0
Afroza Alam,ржЖрж╕рж╕рж╛рж▓рж╛ржорзБ ржЖрж▓рж╛ржЗржХрзБржоред ржжрзЗрзЬржмржЫрж░ ржзрж░рзЗ ржнрж┐ржбрж┐ржУ ржЧрзБрж▓рзЛ ржжрзЗржЦрж┐редржмрж┐ржнрж┐ржирзНржи ржЬрзЗрж▓рж╛рж░ ржЖржЬ ржЖржорж╛рж░ ржирж┐ржЬ ржЬрзЗрж▓рж╛рж░ ржнрж┐ржбрж┐ржУ ржкрж╛ржЗрж▓рж╛ржоред ржЖрж▓рж╣рж╛ржоржжрзБрж▓рж┐рж▓рзНрж▓рж╛рж╣ред ржЖрж▓рзНрж▓рж╛рж╣ ржорж╣рж╛ржиред,2022-07-07T16:52:19Z,4,0
Panna sardar,ржЖржорж┐ржи,2022-07-07T16:50:30Z,0,0
Salma 155,ржЖрж▓рж╣рж╛ржоржжрзБрж▓рж┐рж▓рзНрж▓рж╛рж╣ ред,2022-07-07T16:50:19Z,1,0
Alam Alam,тЭдтЭдтЭдтЭдтЭдтЭдтЭдтЭдтЭдтЭдтЭдтЭдтЭдтЭдтЭдтЭдтЭдтЭдтЭдтЭдтЭдтЭдтЭдтЭдтЭдтЭдтЭдтЭдтЭдтЭдтЭдтЭдтЭдтЭдтЭдтЭдтЭдтЭдтЭдтЭдтЭдтЭдтЭдтЭдтЭдтЭдтЭд,2022-07-07T16:50:18Z,1,0
md masum Kabir,"рж╕ржХрж▓ ржкрзНрж░рж╢ржВрж╕рж╛ ржПржХржорж╛рждрзНрж░ ржЖрж▓рзНрж▓рж╛рж╣рждрж╛рж▓рж╛рж░,, ржЖрж▓рж╣рж╛ржоржжрзБрж▓рж┐рж▓рзНрж▓рж╛рж╣ ржЖрж▓рж╣рж╛ржоржжрзБрж▓рж┐рж▓рзНрж▓рж╛рж╣,, 
ржЖржкржи ржарж┐ржХрж╛ржирж╛рж░ рж╕ржХрж▓ ржарж┐ржо ржорзЗржорзНржмрж╛рж░ ржжрзЗрж░ ржирзЗржХ рж╣рж╛рзЯрж╛рзО ржУ рж╕рзБрж╕рзНржерждрж╛ ржХрж╛ржоржирж╛ ржХрж░рж┐",2022-07-07T16:46:41Z,10,0
ASADUZZAMAN ASAD,ржЖрж▓рж╣рж╛ржоржжрзБрж▓рж┐рж▓рзНрж▓рж╛рж╣ред рж░рзБржирж╛ ржЖржкржи ржарж┐ржХрж╛ржирж╛рзЯ ржЪрж▓рзЗ ржЧрзЗрж▓рзЛред ржЖрж▓рж╣рж╛ржоржжрзБрж▓рж┐рж▓рзНрж▓рж╛рж╣ред,2022-07-07T16:45:18Z,2,0
Md Raju Ahmed,ржЖрж▓рж╣рж╛ржоржжрзБрж▓рж┐рж▓рзНрж▓рж╛рж╣,2022-07-07T16:44:55Z,3,0
Md Raju Ahmed,ржЖрж▓рж╣рж╛ржоржжрзБрж▓рж┐рж▓рзНрж▓рж╛рж╣,2022-07-07T16:44:39Z,1,0
Miraz Molla,ржЖрж╕рж╕рж╛рж▓рж╛ржорзБрзЯрж╛рж▓рж╛ржЗржХрзБржо ржХрж┐ржмрж░рж┐рзЯрж╛ ржнрж╛ржЗ ржЖржкржирж╛рж░ ржЕржлрж┐рж╕рзЗ ржпржЦржи ржХрж╛рж░рзЗржирзНржЯ ржЪрж▓рзЗ ржпрж╛рзЯ ржПржХржЯрж╛ Ips ржХрж┐ржирзБржи ржмрзЬржжрзЗржЦрзЗ,2022-07-07T16:44:29Z,0,0
Aoual YT Vlog,"ржЖрж▓рж╣рж╛ржоржжрзБрж▓рж┐рж▓рзНрж▓рж╛рж╣  
ржкрж░рж┐ржмрж╛рж░ ржерзЗржХрзЗ  ржмрж┐ржЫрж┐ржирзНржи рж╣ржУрзЯрж╛  ржмрзЛржи рж░рзБржирж╛  ржЕржирзЗржХ  ржжрж┐ржи  ржкрж░рзЗ рждрж╛рж░  ржорж╛  ржнрж╛ржЗ  ржмрзЛржи ржжрзЗрж░  ржЖржкржи ржХрж░рзЗ  ржирж┐рж▓ ржжрзЛржЖ рж░ржЗрж▓ ржЖржкрзБрж░ ржЬржирзНржп",2022-07-07T16:44:26Z,3,0
Md josim Uddin,ржЖрж▓рж╣рж╛ржоржжрзБрж▓рж┐рж▓рзНрж▓рж╛рж╣ ржЖрж▓рж╣рж╛ржоржжрзБрж▓рж┐рж▓рзНрж▓рж╛рж╣ ржнрж┐ржбрж┐ржУ рж╕рж╛ржХрж╕рзЗрж╕ ржнрж╛рж▓рзЛ ржерж╛ржХржмрзЗржи рж╕ржмрж╛ржЗ ржЗржирж╢рж╛ржЖрж▓рзНрж▓рж╛рж╣ред,2022-07-07T16:44:07Z,1,0
jannatЁЯЩК,ржорж╛рзЯрзЗрж░ рж╕ржЩрзНржЧрзЗ ржЪрзЗрж╣рж╛рж░рж╛рж░ ржкрзБрж░рж╛ржЗ ржорж┐рж▓ ЁЯдФЁЯХ╡я╕ПтАНтЩАя╕П,2022-07-07T16:43:12Z,4,0
jannatЁЯЩК,ржорж╛рзЯрзЗрж░ рж╕ржЩрзНржЧрзЗ ржЪрзЗрж╣рж╛рж░рж╛рж░ ржкрзБрж░рж╛ржЗ ржорж┐рж▓ ЁЯдФЁЯХ╡я╕ПтАНтЩАя╕П,2022-07-07T16:42:37Z,3,0
SS Blog 2018,ржЖрж╣рж╛ ржорж╛!!рж╣рж╛рж░рж┐рзЯрзЗ ржЧрзЗрж▓рзЗржУрждрзЛ ржЦрзБржБржЬрждрзЗ ржкрж╛рж░рждрж╛ржоредржХрж┐ржирзНрждрзБ ржЪрж┐рж░ржжрж┐ржирзЗрж░ ржЬржирзНржп ржжрзБржирж┐рзЯрж╛ ржЫрзЗрзЬрзЗржЗ ржЪрж▓рзЗ ржЧрзЗрж▓рзЗржи,2022-07-07T16:41:46Z,3,0
Mohammad Delowar,"┘И╪╣┘Д█М┌й┘Е ╪з┘Д╪│┘Д╪з┘Е ┘И╪▒╪н┘Е╪й ╪з┘Д┘Д┘З ┘И╪и╪▒┘Г╪з╪к┘З
ржЖрж▓рж╣рж╛ржоржжрзБрж▓рж┐рж▓рж▓рж╛рж╣ ржЖрж▓рж╣рж╛ржоржжрзБрж▓рж┐рж▓рж▓рж╛рж╣ ред
ржЖрж▓рзНрж▓рж╛рж╣рж░ рж╢рзБржХрж░ ржЖржжрж╛ржпрж╝ ржХрж░ржЫрж┐ ред
ржзржирзНржпржмрж╛ржж ржнрж╛ржЗ ржХрж┐ржмрж░рж┐ржпрж╝рж╛ рж╕рж╛рж╣рзЗржм ржХрзЗ рж╕рж╣ рж╕ржХрж▓ рж╕ржжрж╕рзНржп ржХрзЗ",2022-07-07T16:40:35Z,1,0
Mizanur New,рж░рзБржи ржнрж╛ржЧтАНрзНржп ржмрж╛ржи рж╕ржлрж▓ рж╣рж▓  рж╕рж╛рж░рзНржержХ ржЖржкржи ржарж┐ржХрж╛ржирж╛ ржХрзЗ ржЕржмрж┐ржирзНржзржи,2022-07-07T16:40:35Z,1,0
Panna sardar,ржЖрж▓рзНрж▓рж╛рж╣ ржЕржирзЗржХ ржжржпрж╝рж╛ржжрзБ,2022-07-07T16:39:10Z,2,0
DULAL MUNDAL,ржЖрж▓рж╣рж╛ржоржжрзБрж▓рж┐рж▓рзНрж▓рж╛рж╣       ржИржж ржорзЛржмрж╛рж░ржХ,2022-07-07T16:35:46Z,2,0
Tariqul Islam,ржЖрж▓рж╣рж╛ржоржжрзБрж▓рж┐рж▓рзНрж▓рж╛рж╣ ржнрж╛рж▓рзЛ ржХрж┐ржЫрзБ рж╣ржмрзЗ ржЗржирж╢рж╛ржЖрж▓рзНрж▓рж╛рж╣,2022-07-07T16:34:10Z,0,0
Abu Bakar Siddique,ржЖржорж┐ржи,2022-07-07T16:34:03Z,2,0
Uzzal Mia,ржорж╛ ржерзЗржХрзЗ ржЫрзЗрж▓рзЗ ржХрзЗ ржмрзБрзЬрзЛ рж▓рж╛ржЧржЫрзЗ,2022-07-07T16:32:10Z,3,0
Mofidul Islam,"ржЖрж▓рж╣рж╛ржоржжрзБрж▓рж┐рж▓рзНрж▓рж╛рж╣рзН
ржЖрж▓рж╣рж╛ржоржжрзБрж▓рж┐рж▓рзНрж▓рж╛рж╣рзН
ржЖрж▓рж╣рж╛ржоржжрзБрж▓рж┐рж▓рзНрж▓рж╛рж╣рзН
рж░рзБржирж╛ ржлрж┐рж░рзЗ ржкрзЗрж▓рзЛ рждрж╛рж░ ржЖржкржи ржарж┐ржХрж╛ржирж╛ рз╖",2022-07-07T16:30:27Z,1,0
Md Anam,ржЖрж▓рж╣рж╛ржоржжрзБрж▓рж┐рж▓рзНрж▓рж╛рж╣,2022-07-07T16:30:12Z,1,0
Nazim Khan,ржЖрж▓рж╣рж╛ржоржжрзБрж▓рж┐рж▓рзНрж▓рж╛рж╣рзН ржорж╛ржХрзЗ ржкрж╛ржЗржЫрзЗржи,2022-07-07T16:30:08Z,2,0
┘Е┘К┘Е ┘Ж┘И┘Ж,Alhamdulillah thanks,2022-07-07T16:26:32Z,1,0
Mohammed Rahman,"Alhamdulillah, thanks kibria vai, Allah bless you from USA",2022-07-07T16:23:53Z,2,0
Bushra Aktar,Alhamdulillah,2022-07-07T16:23:44Z,0,0
Arfin sagor,ржЖрж▓рж╣рж╛ржоржжрзБрж▓рж┐рж▓рзНрж▓рж╛рж╣ рж╕ржХрж▓ ржкрзНрж░рж╢ржВрж╕рж╛ ржорж╣рж╛ржи ржЖрж▓рзНрж▓рж╛рж╣рж░ ЁЯд▓тЭдя╕ПЁЯХЛ,2022-07-07T16:23:20Z,3,0
Karima Ahmed,"Alhamdulillah, all  peoples Eid Mubarak",2022-07-07T16:21:44Z,0,0
Muhammad Parvej,Alhamdulillah,2022-07-07T16:21:39Z,0,0
Shahinur kitchen & Vlog,ржЖрж▓рж╣рж╛ржоржжрзБрж▓рж┐рж▓рзНрж▓рж╛рж╣,2022-07-07T16:21:21Z,0,0
Md. Mizan,"ржЖрж▓рж╣рж╛ржо ржжрзБрж▓рж┐рж▓рж▓рж╛
рж╕ржмрж╛рж░ ржЬржирзНржп ржжрзЛрзЯрж╛ ржХрж░рж┐
ржЖрж▓рж▓рж╛ рж╕ржмрж╛ржЗ ржХрзЗ ржнрж╛рж▓рзЛ рж░рж╛ржЦрзБржХ",2022-07-07T16:20:42Z,3,0
рж╢рж░рж┐ржлрзБрж▓ ржЗрж╕рж▓рж╛ржо Aly,ржорж╛рзЯрзЗрж░ ржоржд ржЖржкржи ржХрзЗржЙ ржирж╛ржЗ,2022-07-07T16:16:35Z,4,0
bayezid hussain,рж╕ржорзНржкрж░рзНржХ ржирж┐рзЯрзЗ ржХрж┐ржмрж░рж┐рзЯрж╛ ржнрж╛ржЗрзЯрзЗрж░ ржкржбрж╝рж╛рж▓рзЗржЦрж╛ ржХрж░рж╛ ржжрж░ржХрж╛рж░ред,2022-07-07T16:14:04Z,1,0
Md Aminol,ржЖрж▓рж╣рж╛ржоржжрзБрж▓рж┐рж▓рзНрж▓рж╛рж╣,2022-07-07T16:14:01Z,0,0
Robin Hossain,"рж╕рж░рзНржмржкрзНрж░ржержо ржЖржорж┐ ржорж╣рж╛ржи ржЖрж▓рзНрж▓рж╛рж╣ рж░рж╛ржмрзНржмрзБрж▓ ржЖрж▓рж╛ржорзАржирзЗрж░ ржжрж░ржмрж╛рж░рзЗ рж╢рзБржХрж░рж┐ржпрж╝рж╛ ЁЯХЛЁЯХЛЁЯХЛЁЯХЛ
ржЬрж╛ржирж╛ржЗ ржЖржорж┐ржи ЁЯд▓ЁЯд▓
 ржЖржорж╛рж░ ржЕржирзЗржХ ржнрж╛рж▓рзЛ рж▓рж╛ржЧржЫрзЗ ржпрзЗ ржПржЗ ржмрзЛржиржЯрж┐ рждрж╛ржБрж░ ржкрж░рж┐ржмрж╛рж░ ржЦрзБржБржЬрзЗ ржкрзЗржпрж╝рзЗржЫрзЗ ржЖрж▓рж╣рж╛ржоржжрзБрж▓рж┐рж▓рзНрж▓рж╛рж╣ ЁЯд▓ЁЯд▓
ржПржмржВ ржПржЗ ржнрж┐ржбрж┐ржУржЯрж┐ ржирж┐ржпрж╝рзЗ ржпрж╛рж░рж╛ ржпрзЗ ржпрзЗржЦрж╛ржи ржерзЗржХрзЗ ржХрж╛ржЬ ржХрж░ржЫрзЗржи рждрж╛ржжрзЗрж░ рж╕рж╛ржмрж╛ржЗржХрзЗ ржЬрж╛ржирж╛ржЗ ржЖржирзНрждрж░рж┐ржХ ржЕржнрж┐ржиржирзНржжржи ржУ рж╢рзБржнрзЗржЪрзНржЫрж╛ 
ЁЯЫлЁЯЫмЁЯЫлЁЯЫлЁЯЫлЁЯЫмЁЯЫмЁЯЫмЁЯЫл
ржЖржорж┐ ржПржХржЬржи ржХрж╛рждрж╛рж░ ржкрзНрж░ржмрж╛рж╕рзА ржЖржорж╛рж░ ржЬржирзНржп ржжрзЛржпрж╝рж╛ ржХрж░ржмрзЗ рж╕ржмрж╛ржЗ",2022-07-07T16:10:28Z,5,0
Koyes Ahmed,ржЖрж▓рж╣рж╛ржоржжрзБрж▓рж┐рж▓рзНрж▓рж╛рж╣,2022-07-07T16:09:57Z,0,0
Serazul Serazul,ржЖрж▓рж╣рж╛ржоржжрзБрж▓рж┐рж▓рзНрж▓рж╛рж╣ ржЖрж░рзЗржХржЯрж╛ ржкрж░рж┐ржмрж╛рж░ ржЦрзБржБржЬрзЗ ржкрзЗрж▓ ржХрж┐ржмрж░рж┐ржпрж╝рж╛ ржнрж╛ржЗржЬрж╛ржи ржЖрж▓рзНрж▓рж╛рж╣ рж╣рзЗржжрж╛ржпрж╝рзЗржд ржжрж╛ржи ржХрж░рзЗ,2022-07-07T16:09:35Z,5,0
MASHOOQ HASSAN SKDR Tv,ржиржбрж╝рж╛ржЗрж▓рзЗрж░ ржнрж╛рж╖рж╛ ржЦрзБржм рж╕рзБржирзНржжрж░ ржЦрзБржм ржнрж╛рж▓рзЛ рж▓рж╛ржЧрж▓рзЛ ржЖрж░рзЛ ржПржХржЯрж┐ ржкрж░рж┐ржмрж╛рж░ ржЦрзЛржБржЬрзЗ ржкрзЗрж▓рзЛ ржзржирзНржпржмрж╛ржж рж╕ржмрж╛ржЗржХрзЗ,2022-07-07T16:07:46Z,3,1
Sk Sagor70,"ржЖрж▓рж╣рж╛ржоржжрзБрж▓рж┐рж▓рзНрж▓рж╛рж╣ рзо ржЯрж┐ ржнрж┐ржбрж┐ржУ ржжрж┐ржпрж╝рзЗ рзи,рзпрзжрзж+ ржмржирзНржз ржкрзЗржпрж╝рзЗржЫрж┐ рж╢рзБржзрзБржорж╛рждрзНрж░ ржорж╛ржиржмрждрж╛рж░ ржХрж╛ржЬ ржХрж░рж┐ рждрж╛ржЗ рж╕ржмрж╛рж░ ржнрж╛рж▓рзЛржмрж╛рж╕рж╛ржпрж╝ ржПржЧрж┐ржпрж╝рзЗ ржпрзЗрждрзЗ ржЪрж╛ржЗ ЁЯШНЁЯШНЁЯШНЁЯМ╣ЁЯМ╣ЁЯМ╣ржЖржкржирж╛рж░рж╛ ржкрж╛рж╢рзЗ ржерж╛ржХржмрзЗржи рж╕ржмрж╛ржЗ ржХрзЗ ржЕржирзЗржХ ржЕржирзЗржХ ржзржирзНржпржмрж╛ржжЁЯСНЁЯТЭЁЯТЭЁЯТЭЁЯТЭ",2022-07-07T16:10:14Z,0,
mdalim ahamed,"ржпрж╛рж░ ржЪрж▓рзЗ ржпрж╛рзЯ рж╕рзЗ ржмрзБржЭрзЗ рж╣рж╛рзЯ ржмрж┐ржЪрзНржЫрзЗржжрзЗрж░ ржХрж┐ ржпржирзНрждрзНрж░ржирж╛ ржЖрж▓рж╣рж╛ржоржжрзБрж▓рж┐рж▓рзНрж▓рж╛рж╣,рж░рзБржирж╛ ржЪрж▓рзЗ ржпрж╛ржмрзЗ ржЖржкржи ржарж┐ржХрж╛ржирж╛рзЯред",2022-07-07T16:07:32Z,3,0
belal belal,bhai aponi baschader ke khub take care koren aita amar kache khub valo lage.,2022-07-07T16:05:28Z,2,0
Rubinar Rannaghor,Alhamdulillah runa apu tar apon thikanay fire galo.dowa roilo sobr jonno. Allah jano sobai k valo rakhe.amin,2022-07-07T16:04:14Z,3,0
Shahnaz Parven,ржЖрж▓рж╣рж╛ржоржжрзБрж▓рж┐рж▓рзНрж▓рж╛рж╣,2022-07-07T16:02:41Z,0,0
Halima akter,ржЖрж▓рж╣рж╛ржоржжрзБрж▓рж┐рж▓рзНрж▓рж╛рж╣ред,2022-07-07T16:02:37Z,0,0
Tariqul Islam,ржЖрж▓рж╣рж╛ржоржжрзБрж▓рж┐рж▓рзНрж▓рж╛рж╣ ржмрж▓рждрзЗ ржкрж╛рж░рж┐ рждрж╛рж░ ржкрж░рж┐ржмрж╛рж░ ржлрж┐рж░рзЗ ржкрж╛ржмрзЗ ржЗржирж╢рж╛ржЖрж▓рзНрж▓рж╛рж╣,2022-07-07T16:01:43Z,4,0
Alva Aziza,ржЖрж▓рж╣рж╛ржоржжрзБрж▓рж┐рж▓рзНрж▓рж╛рж╣,2022-07-07T16:01:39Z,0,0
Alva Aziza,ржЖржЗржкрж┐ржПрж╕ рж▓рж╛ржЧрж┐рзЯрзЗ ржирж┐ржи,2022-07-07T16:01:33Z,0,0
Muhammad Emon,ржЖрж▓рж╣рж╛ржоржжрзБрж▓рж┐рж▓рзНрж▓рж╛рж╣,2022-07-07T16:00:16Z,0,0
Sufia Begum,Alhamdulillah,2022-07-07T15:59:56Z,0,0
JAHANGIR YT,ржЖрж▓рж╣рж╛ржоржжрзБрж▓рж┐рж▓рзНрж▓рж╛рж╣ред,2022-07-07T15:58:15Z,0,0
belal belal,Alhamdullilah,2022-07-07T15:57:25Z,1,0
julekha akter,ржЖрж▓рж╣рж╛ржоржжрзБрж▓рж┐рж▓рзНрж▓рж╛рж╣ ржЖрж▓рж╣рж╛ржоржжрзБрж▓рж┐рж▓рзНрж▓рж╛рж╣ ржЖрж▓рж╣рж╛ржоржжрзБрж▓рж┐рж▓рзНрж▓рж╛рж╣,2022-07-07T15:52:25Z,0,0
Fulmia Mia,┘Е╪з╪│ ╪з┘Д┘Д┘З,2022-07-07T15:50:55Z,1,0
Sk Sagor70,ржЖрж▓рж╣рж╛ржоржжрзБрж▓рж┐рж▓рзНрж▓рж╛рж╣ ЁЯСНЁЯТЭЁЯТЭЁЯТЭ,2022-07-07T15:49:58Z,3,0
ржЬрж╛рж░рж╛ ржЗрж╕рж▓рж╛ржо,"рж╣рж╛рзЯрж░рзЗ ржорж╛,, ржПржХржЯрж╛ рж╢ржмрзНржжрзЗрж░ ржирж╛ржо,, рж╕рзЗржЯрж╛ рж╣рж▓рзЛ ржорж╛, ржорж╛,,рзЯрзЗрж░ ржЪрзЛржЦ ржХржЦржирзЛ ржнрзБрж▓ ржжрзЗржЦрзЗ ржирж╛ ржЖрж▓рж╣рж╛ржоржжрзБрж▓рж┐рж▓рзНрж▓рж╛рж╣ ржЖрж░рзЗржХржЯрж╛ рж╕ржлрж▓ ржЖржкржбрзЗржЯ",2022-07-07T15:49:26Z,6,0
Taslima Fardoci bagum,"ржЖрж▓рж╣рж╛ржоржжрзБрж▓рж┐рж▓рзНрж▓рж╛рж╣, рж╕ржмрж╛ржЗржХрзЗ ржЖрж▓рзНрж▓рж╛рж╣ рж╕рзБржЦрзЗ рж╢рж╛ржирзНрждрж┐рждрзЗ рж░рж╛ржЦрзБржиред ржЖржорж┐ржи",2022-07-07T15:48:08Z,9,0
Atiqul Islam,ржЖрж▓рж╣рж╛ржоржжрзБрж▓рж┐рж▓рзНрж▓рж╛рж╣,2022-07-07T15:47:57Z,0,0
Hosain Hosain,ржЖрж▓рж╣рж╛ржоржжрзБрж▓рж┐рж▓рзНрж▓рж╛рж╣,2022-07-07T15:47:06Z,0,0
Sakina Akter,Amin,2022-07-07T15:47:05Z,1,0
Md Saddam,ржЖрж▓рж╣рж╛ржоржжрзБрж▓рж┐рж▓рзНрж▓рж╛рж╣рзНтЩея╕ПтЩея╕ПтЩея╕ПржЖрж▓рж╣рж╛ржоржжрзБрж▓рж┐рж▓рзНрж▓рж╛рж╣рзН,2022-07-07T15:45:31Z,1,0
Miss Khushi,ржЖрж▓рж╣рж╛ржоржжрзБрж▓рж┐рж▓рзНрж▓рж╛рж╣рзН,2022-07-07T15:45:11Z,0,0
selim miah,ЁЯе░ЁЯе░ЁЯе░ЁЯе░ЁЯе░ЁЯе░ЁЯе░,2022-07-07T15:43:11Z,1,0
MD Rahman,ржЕржнрж╛ржХ ржоржирзЗ рж╣рзЯ ржорж╛ ржорзЗрзЯрзЗржХрзЗ ржЪрж┐ржирзЗржирж╛ ред,2022-07-07T15:40:52Z,1,0
Hemayet Hossaein,"ржЖрж▓рж╣рж╛ржоржжрзБ рж▓рж┐рж▓рзНрж▓рж╛рж╣ред рж░рзБржирж╛ ржЖржорж╛рж░ ржкрж╛рж╢рзЗрж░ ржЧрзНрж░рж╛ржорзЗрж░ ржорзЗрзЯрзЗред ржЖржорж╛рж░ ржЧрзНрж░рж╛ржорзЗрж░ ржирж╛ржо ржХрж╛ржарж╛ржжрзБрж░рж╛редржЪрж╛ржирзНржжрзЗрж░ржЪрж░, рждрзЗрж▓рж┐ржбрж╛ржВржЧрж╛,ржХрж╛ржарж╛ржжрзБрж░рж╛ ржУ ржорж╛ржЙрж▓рзА ржкрж╛рж╢рж╛ржкрж╛рж╢рж┐ ржЧрзНрж░рж╛ржоредрж╕рж╛ржЬрзНржЬрж╛ржд рж╕рж╛рж╣рзЗржм ржЖржорж╛ржжрзЗрж░ рж╕рж╛ржмрзЗржХ ржЪрзЗрзЯрж╛рж░ржорзНржпрж╛ржиредржЪрж╛ржирзНржжрзЗрж░ржЪрж░рзЗрж░ ржЪрж╛ржиржорж┐рзЯрж╛ рж╕рж╛рж╣рзЗржм ржПржХржЬржи рж╕рж╛ржмрзЗржХ ржорзЗржорзНржмрж░ ржЫрж┐рж▓рзЗржиред рж░рзБржирж╛ рж╕ржарж┐ржХ ржнрж╛ржмрзЗ рждрж╛рж░ ржарж┐ржХрж╛ржирж╛ ржмрж▓рждрзЗ ржкрж╛рж░рзЗржирж┐ред рждрж╛ржЗ ржЖржорж┐ ржХржорзЗржирзНржЯрж╕ ржХрж░рж┐ржирж┐редрж╕ржмрж╛рж░ ржкрзНрж░рждрж┐ ржЖржорж╛рж░ ржжрзЛрзЯрж╛ рж░ржЗрж▓рзЛред ржЖржорж╛ржХрзЗ ржУ ржЖржорж╛рж░ ржкрж░рж┐ржмрж╛рж░рзЗрж░ ржЬржирзНржп рж╕ржмрж╛ржЗ ржжрзЛрзЯрж╛ ржХрж░ржмрзЗржиред ржХрзБрзЯрзЗржд ржерзЗржХрзЗ ржжрзЗржЦржЫрж┐редржЖржкржи ржарж┐ржХрж╛ржирж╛рж░ ржЯрж┐ржоржХрзЗ ржЕрж╕ржВржЦрзНржп ржзржирзНржпржмрж╛ржжред",2022-07-07T15:38:47Z,1,0
Saday Debnath,"...""ржЖржкржи ржарж┐ржХрж╛ржирж╛""-рж░ ржнрж┐ржбрж┐ржУ ржЧрзБрж▓рзЛ ржжрзЗржЦрж▓рзЗ ржорж╛ржирж┐ржХ ржмржирзНржжрзНржпрзЛржкрж╛ржзрзНржпрж╛ржпрж╝ -ржПрж░ рж▓рзЗржЦрж╛ ""ржкржжрзНржорж╛ржиржжрзАрж░ ржорж╛ржЭрж┐"" ржЙржкржирзНржпрж╛рж╕рзЗрж░ рж▓рж╛ржЗржи ржмрж╛рж░ржмрж╛рж░ ржХрзЗржи ржЬрж╛ржирж┐ ржирж╛ ржоржирзЗ ржкржбрж╝рзЗ ржпрж╛ржпрж╝...
...""ржЖржорж╛рж░рзЗ ржирж┐ржмрж╛ ржорж╛ржЭрж┐...!"" ржЙрждрзНрждрж░рзЗ ржХрзБржмрзЗрж░ ржорж╛ржЭрж┐ ржмрж▓рзЗржЫрж┐рж╕ ""...ржЖржЗрж╕рзЛ...!"" ржПржЦрж╛ржирзЗ ржпрж╛рж░рж╛ ржЖрж╕рзЗржи рждрж╛ржжрзЗрж░ рж╕ржмрж╛ржЗржХрж╛рж░ ржорж╛ржЭрзЗ ржЖржорж┐ ржпрзЗржи ""ржХржкрж┐рж▓рж╛""-ржХрзЗ ржЦрзБржБржЬрзЗ ржкрж╛ржЗ ржЖрж░ ржпрж╛рж░рж╛ ржжрж╛ржмрж┐ ржирж┐ржпрж╝рзЗ ржЖрж╕рзЗржи рждрж╛рж░рж╛ рж╕ржмрж╛ржЗ ржпрзЗржи ""ржХрзБржмрзЗрж░""...! ржиржжрзАржорж╛рждрзГржХ ржмрж╛ржВрж▓рж╛ржжрзЗрж╢ рж╕ржорзНржкрж░рзНржХрзЗ ржХрзЛржи ржЙржкржорж╛ ржЯрж╛ржирждрзЗ ржЧрзЗрж▓рзЗ ржиржжрзАрж░ ржкрзНрж░рж╕ржЩрзНржЧ ржПрж╕рзЗ ржкржбрж╝рзЗред ржЬрж╛ржирж┐ржирж╛ ржЙржкржорж╛ -ржЯрж┐ ржпржерж╛рж░рзНрже рж╣рж▓рзЛ ржХрж┐ржирж╛...! рж╕ржмрж╛ржЗ ржЕржирзЗржХ ржЕржирзЗржХ ржнрж╛рж▓рзЛ ржерж╛ржХржмрзЗржи...! ржЖрж░ ржХрж┐ржмрж░рж┐ржпрж╝рж╛ ржнрж╛ржЗ ржпрзЗржи ржПржЦрж╛ржирзЗ рж▓рзЗржЦржХ ржорж╛ржирж┐ржХ ржмржирзНржжрзНржпрзЛржкрж╛ржзрзНржпрж╛ржпрж╝ -ржПрж░ ржнрзВржорж┐ржХрж╛ -ржпрж╝ ржжрзБржЗ ржкрж░рж┐ржмрж╛рж░рзЗрж░ ржоржзрзНржпрзЗ рж╕ржВржпрзЛржЧ рж╕рзНржерж╛ржкржи ржХрж░рзЗ ржЪрж▓рзЗржЫрзЗржи...! рж╕ржмрж╛ржЗ -ржХрзЗ ржЕржЧрзНрж░рж┐ржо ржИржж ржЙрзОрж╕ржмрзЗрж░ ржЕржирзЗржХ ржЕржирзЗржХ рж╢рзБржнрзЗржЪрзНржЫрж╛ ржУ ржЕржнрж┐ржиржирзНржжржи рж░ржЗрж▓рзЛ...
... love you Bangladesh from KOLKATA WEST-BENGAL INDIA тЭдя╕ПтЭдя╕ПтЭдя╕П...",2022-07-07T15:37:06Z,0,0
National Apparels,"ржнрж╛ржЗ ржиржиржж рж╣рж▓рзЛ рж╕рзНржмрж╛ржорзАрж░ ржЫрзЛржЯ ржмрзЛржи ржПржмржВ ржиржирж╕ рж╣рж▓рзЛ рж╕рзНржмрж╛ржорзАрж░ ржмрзЬ ржмрзЛржи █Ф 
ржкрж╛ржЯрж┐ржЧржгрж┐ржд ржЖрж░ ржХрж┐ █Ф ржЖржЧрзЗржУ ржЖржорж┐ржУ ржмрзБржЭрждрж╛ржо ржирж╛ █Ф 
ржЖржкржи ржарж┐ржХрж╛ржирж╛рж░ ржорж╛ржзрзНржпржорзЗ ржХрж┐ржЫрзБ ржнрж╛рж▓ ржорж╛ржирзБрж╖ ржкрзЗрзЯрзЗржЫрж┐ ржпрж╛рж░рж╛ ржПржЗ рж╣рж╛рж░рж┐рзЯрзЗ ржпрж╛ржУрзЯрж╛ ржЫрзЗрж▓рзЗ ржорзЗрзЯрзЗржЧрзБрж▓рзЛржХрзЗ ржирж┐ржЬрзЗрж░ ржмрж╛ржЪрзНржЪрж╛рж░ ржорждрзЛ рж▓рж╛рж▓ржи ржкрж╛рж▓ржи ржХрж░рзЗржЫрзЗржи █Ф",2022-07-07T15:36:52Z,0,0
Anwara Begum,ржЖрж▓рж╣рж╛ржоржжрзБрж▓рж┐рж▓рзНрж▓рж╛рж╣рзН,2022-07-07T15:36:23Z,0,0
Saifur Rahman,ржПржоржи ржиржиржж ржпрзЗ ржнрж╛ржмрзАрж░ ржерж╛ржХрзЗ рж╕рзЗ ржЬрзАржмржи ржзржирзНржпред,2022-07-07T15:35:30Z,8,0
SAS CREATIVE,Alhamdulillah,2022-07-07T15:34:50Z,0,0
MOHAMMAD HARUNU-SHA-SHAHID,ржирж╛ржбрж╝рзА ржЫрзЗржБржбрж╝рж╛ ржзржи ржнрзВрж▓рж╛ ржХрж┐ рж░рж╛ржпрж╝редржХрзБржбрж╝рзЗ ржХрзБржбрж╝рзЗ ржЦрж╛ржпрж╝ рж╣рж╛ржЬрж╛рж░рзЛ ржмрзЗржжржирж╛ржпрж╝ред ржзржирзНржп ржорж╛ ржЬржиржирзА ржзржирзНржп рждрзБржорж┐ред ржЖрж▓рж╣рж╛ржоржжрзБрж▓рж┐рж▓рзНрж▓рж╛рж╣ред,2022-07-07T15:34:41Z,14,0
Md Alamin,ржЖрж▓рж╣рж╛ржоржжрзБрж▓рж┐рж▓рзНрж▓рж╛рж╣ ржЖрж░рзЗржХ ржЯрж╛ рж╕ржлрж▓ ржнрж┐ржбрж┐ржУ ржЖрж░ ржорж╛ ржПрждрзЛ ржжрж┐ржи ржХржЗ ржЫрж┐рж▓рж╛ ржПржЗ ржХржерж╛ржЯрж╛ рж╢рзБржирж╛рж░ ржкрж░ ржЖржорж┐ ржЖржорж╛рж░ ржЪрзЛржЦрзЗрж░ ржкрж╛ржирж┐ ржзрж░рзЗ рж░рж╛ржЦрждрзЗ ржкрж╛рж░рж┐ ржирж╛ржЗ рж░рзБржирж╛ ржЖржкрж╛рж░ ржЕржирзЗржХ ржХрж┐ржЫрзБ ржоржирзЗ ржЖржЫрзЗ ржЖрж▓рж╣рж╛ржоржжрзБрж▓рж┐рж▓рзНрж▓рж╛рж╣ ржирж┐ржГрж╕ржирзНржжрзЗрж╣рзЗ ржкрзГржерж┐ржмрзАрж░ рж╕рзЗрж░рж╛ ржЕржирзБрж╖рзНржарж╛ржи ржЖржкржи ржарж┐ржХрж╛ржирж╛ ржпрж╛рж░ ржорж╛ржзрзНржпржорзЗ рж╣рж╛рж░рж┐рзЯрзЗ ржпрж╛ржУрзЯрж╛ рж╕ржирзНрждрж╛ржи ржЧрзБрж▓рзЛ рждрж╛рж░ ржЖржкржи ржарж┐ржХрж╛ржирж╛рзЯ ржкрзМржБржЫрж╛рждрзЗ ржкрж╛рж░рзЗ рж╣рзЗ ржЖрж▓рзНрж▓рж╛рж╣ ржЖржкржирж┐ ржХрж┐ржмрж░рж┐рзЯрж╛ ржнрж╛ржЗ ржХрзЗ рж╕ржм рж╕ржорзЯ рж╕рзБрж╕рзНрже рж░рж╛ржЦрзЗржи ржЖржорж┐ржи,2022-07-07T15:32:43Z,14,0
рж╢рж┐ржЙрж▓рж┐ ржЖржХрзНрждрж╛рж░ ahamed,"ржЙржкрж╕рзНржерж╛ржирж╛рзЯ ржХрж┐ржмрж░рж┐рзЯрж╛ ржнрж╛ржЗ ржЫрж┐рж▓рзЗржи ржирж╛,",2022-07-07T15:31:48Z,1,0
Munna Ahmed,ржЖрж▓рж╣рж╛ржоржжрзБрж▓рж┐рж▓рзНрж▓рж╛рж╣ ржнрж╛рж▓рзЛ рж▓рж╛ржЧрж▓рзЛ ржЕржирзЗржХред рждржмрзЗ рж░рзБржирж╛рж░ ржжрзБрж▓рж╛ржнрж╛ржЗ ржоржЬрж╛рж░ ржорж╛ржирзБрж╖ рждрж┐ржи ржЯрж╛ рж╢рж╛рж▓рж┐ ржкрзЗрзЯрзЗржЫрзЗ рж╕рзБржирзНржжрж░ рж╣рж╛рж╕рж┐ ржжрж┐рзЯрзЗржЫрзЗ ржЦрзБржм ржнрж╛рж▓рзЛ рж▓рж╛ржЧрж▓рзЛред ржмрзЛржи ржЖрж░ ржнрж╛ржЗ рждрзЗржоржи ржХрзЛржирзЛ рж░рзЗрж╕ржкржирж╕ ржкрж╛ржЗржирж┐ред рждрж╛рж░ржкрж░ ржнрж╛рж▓рзЛ рж╣рзЛржХ рждрж╛ржжрзЗрж░ ржмржирзНржзржи рж╢рзБржнржХрж╛ржоржирж╛ рж░ржЗрж▓ред ржзржирзНржпржмрж╛ржж ржХрж┐ржмрж░рж┐рзЯрж╛ ржнрж╛ржЗ рж╕рж╣ ржкрзБрж░рзЛ ржЯрж┐ржоржХрзЗред,2022-07-07T15:31:32Z,6,0
Hamida Uddin,Alhamdulillah ЁЯд▓ЁЯП╜ЁЯд▓ЁЯП╜ЁЯд▓ЁЯП╜тЭдя╕ПтЭдя╕П,2022-07-07T15:29:08Z,1,0
MD Emran,ржорж╛ржпрж╝рзЗрж░ ржХрзЛржирзЛ рждрзБрж▓ржирж╛ рж╣ржпрж╝ржирж╛,2022-07-07T15:27:55Z,0,0
ANOWARA KHANUM,ржЖрж▓рж╣рж╛ржоржжрзБрж▓рж┐рж▓рзНрж▓рж╛рж╣,2022-07-07T15:24:54Z,0,0
Mohiuddin Mahi,ржЖрж▓рж╣рж╛ржоржжрзБрж▓рж┐рж▓рзНрж▓рж╛рж╣,2022-07-07T15:24:32Z,0,0
Rain Forest,ржЖрж▓рж╣рж╛ржоржжрзБрж▓рж┐рж▓рзНрж▓рж╛рж╣ред  рж╕рзБржирзНржжрж░ рж╕ржорж╛ржкрзНрждрж┐ред ржжрзЛрзЯрж╛ ржУ рж╢рзБржнржХрж╛ржоржирж╛ рж╕ржм рж╕ржорзЯред,2022-07-07T15:24:29Z,5,0
Aulad Hossain,ржорж╛ ржорзЗрзЯрзЗ ржЪрж┐рж╣рж╛рж░рж╛  ржорж┐рж▓ ржЖржЫрзЗ  ржЖрж▓рж╣рж╛ржоржжрзБрж▓рж┐рж▓рзНрж▓рж╛рж╣рзН,2022-07-07T15:22:48Z,4,0
SHAH SHAHiDA,ржЖрж▓рж╣рж╛ржоржжрзБрж▓рж┐рж▓рзНрж▓рж╛рж╣рзН,2022-07-07T15:22:41Z,0,0
Mohammad Nurul Islam,"ржорж╛,ржмрзЛржирзЗрж░ рж╕рж╛ржерзЗ ржлрзЗржЗрж╕рзЗрж░ ржорж┐рж▓ ржЖржЫрзЗред",2022-07-07T15:22:23Z,1,0
Shahanara Begum,ржЖрж▓рж▓рж╛рж╣рж╛ржоржжрзБрж▓рж┐рж▓рж╛,2022-07-07T15:21:22Z,0,0
bbc rank1,ржЖрж▓рж╣рж╛ржоржжрзБрж▓рж┐рж▓рзНрж▓рж╛рж╣,2022-07-07T15:21:01Z,0,0
Md Rain Hassan,ржЖрж▓рж╣рж╛ржоржжрзБрж▓рж┐рж▓рзНрж▓рж╛рж╣ ржЖрж▓рж╣рж╛ржоржжрзБрж▓рж┐рж▓рзНрж▓рж╛рж╣,2022-07-07T15:20:52Z,0,0
Serajul Hoque,ржЖрж▓рж╣рж╛ржоржжрзБрж▓рж┐рж▓рзНрж▓рж╛рж╣рзН,2022-07-07T15:20:27Z,0,0
Md Sohel,ржЖрж▓рж╣рж╛ржоржжрзБрж▓рж┐рж▓рзНрж▓рж╛рж╣ред,2022-07-07T15:18:22Z,0,0
Rohal Amina,",ржЖрж▓рж╣рж╛ржоржжрзБрж▓рж┐рж▓рзНрж▓рж╛рж╣ ржнрж╛рж▓рзЛ рж▓рж╛ржЧржЫрзЗ ржзржирзНржпржмрж╛ржж",2022-07-07T15:17:31Z,3,0
Asma Jasem,ржЖрж▓рж╣рж╛ржоржжрзБрж▓рж┐рж▓рзНрж▓рж╛рж╣,2022-07-07T15:16:45Z,0,0
Amiruz Zaman,She is sokto redoy woali girl  ALHAMDULILLAH LATELY RECOGNISE HER MOTHER UCILLA APONTHIKANA THANKS TO HER MOTHER WHO SHE IS CRYING HELP YEATIM HER BEHEST ALLA KOBOL KORON AMIN.,2022-07-07T15:16:05Z,2,0
Alam Rekha,ALHAMDULILLAH.  RUNAR SHOSHUR  BARIR SHOBAI KHOOV BORO MONER MANUSH,2022-07-07T15:14:40Z,1,0
Shawkat ul Islam Babor,"ржЖрж▓рж╣рж╛ржоржжрзБрж▓рж┐рж▓рзНрж▓рж╛рж╣, рж╕ржлрж▓ ржнрж┐ржбрж┐ржУ, ржЖрж▓рзНрж▓рж╛рж╣ рждрж╛ржЖ'рж▓рж╛ ржЖржорж╛ржжрзЗрж░ржХрзЗ рж╣рзЗржлрж╛ржЬрждрзЗ рж░рж╛ржЦрзБржи ржЖржорж┐ржиред",2022-07-07T15:13:57Z,5,0
kohinoor,ржЖрж▓рж╣рж╛ржоржжрзБрж▓рж┐рж▓рзНрж▓рж╛рж╣рзН,2022-07-07T15:13:09Z,0,0
Wrdsff Asffhh,ржЖрж▓рж╣рж╛ржоржжрзБрж▓рж┐рж▓рзНрж▓рж╛рж╣ ржЕржмрж╢рзЗрж╖рзЗ рж░рзБржирж╛ ржЖржкрж╛ ржлрж┐рж░рзЗ ржкрзЗрзЯрзЗржЫрзЗ ржЖржкржи ржарж┐ржХрж╛ржирж╛,2022-07-07T15:12:55Z,5,0
Md Motin,ржЖрж▓рж╣рж╛ржоржжрзБрж▓рж┐рж▓рзНрж▓рж╛рж╣ ржжрзЛрзЯрж╛ рж░ржЗрж▓рзЛ,2022-07-07T15:12:45Z,3,0
Hh Vv,alhamdulla,2022-07-07T15:11:58Z,1,0
Anowara Islam,"Alhamdulillah,happy ending,thank you soomach everyone",2022-07-07T15:11:32Z,4,0
Salim Hossain,ржЕрж╕рж╛ржзрж╛рж░ржг ржХрж░рзНржо ржЖржкржи ржарж┐ржХрж╛ржирж╛ред,2022-07-07T15:09:42Z,0,0
selah Ahmed,Wow bak to bak updates thank apan thikana,2022-07-07T15:09:16Z,0,0
╪к┘И╪к ┘И ╪м,ржЖрж▓рж╣рж╛ржоржжрзБрж▓рж┐рж▓рж╣,2022-07-07T15:08:35Z,0,0
MD Hossen Ali Ali,Alhamdullah,2022-07-07T15:08:20Z,1,0
Balayet Hossain,ржорж╛рзЯрзЗрж░ ржЪрзЗрж╣рж╛рж░рж╛рж░ рж╕рж╛ржерзЗ ржорж┐рж▓ ржЖржЫрзЗ,2022-07-07T15:07:28Z,0,0
Johura Begum,ржУрзЯрж╛рж▓рж╛ржЗржХрзБржо ржЖрж╕рж╕рж╛рж▓рж╛ржоред,2022-07-07T15:06:28Z,1,0
Md Babul khan,ржЖрж▓рж╣рж╛ржоржжрзБрж▓рж┐рж▓рзНрж▓рж╛рж╣ ржЦрзБржм ржЦрзБрж╢рж┐ рж╣рж▓рж╛ржо ржжрзЛрзЯрж╛ рж░ржЗрж▓рзЛ ржЖрж▓рзНрж▓рж╛рж╣ ржЬрзЗржи рж╣рзЗржлрж╛ржЬрждрзЗ рж░рж╛ржЦрзЗржи ржЖржорж┐ржи,2022-07-07T15:05:10Z,7,0
Hemayet Hossaein,ржЖрж▓рж╣рж╛ржоржжрзБ рж▓рж┐рж▓рзНрж▓рж╛рж╣редрж░рзБржирж╛ ржЖржорж╛рж░ ржкрж╛рж╢рзЗрж░ ржЧрзНрж░рж╛ржорзЗрж░ ржорзЗрзЯрзЗредржХрзБрзЯрзЗржд ржерзЗржХрзЗ ржжрзЗржЦржЫрж┐ред,2022-07-07T15:05:05Z,3,0
Mohammad  Mamun,ржЖрж▓рж╣рж╛ржоржжрзБрж▓рж┐рж▓рзНрж▓рж╛рж╣,2022-07-07T15:04:26Z,0,0
Mohibul Alam,ржЖрж▓рж╛рж╣рж╛ржоржжрзБ рж▓рж┐рж▓рзНрж▓рж╛рж╣ред,2022-07-07T15:03:48Z,0,0
md nayan,Alhamdulillh,2022-07-07T15:02:42Z,1,0
Md Sofiq,ржЖрж▓рж╣рж╛ржоржжрзБрж▓рж┐рж▓рзНрж▓рж╛рж╣,2022-07-07T15:02:28Z,0,0
Jahad By,ржЖрж▓рж╣рж╛ржоржжрзБрж▓рж┐рж▓рзНрж▓рж╛рж╣,2022-07-07T15:02:16Z,0,0
Bahar Uddin,ржХрж┐ржмрж░рж┐рзЯрж╛ ржнрж╛ржЗ  ржХржмрзЗ ржирзЛржнрзЗрж▓  ржкрзБрж░рзБрж╖ржХрж╛рж░  ржкрж╛ржмрзЗржи!  ржЬрж╛рждрзА рж╕ржВржЩржЧ ржерзЗржХрзЗ ржХрзЛржи  ржЦржмрж░  ржЖрж╕рзЗ ржирж╛ржЗ ? ржЖржЪрзНржЫрж╛рж▓рж╛ржорзБрзЯрж╛рж▓рж╛ржЗржХрзБржо  ржЖржорж┐ ржирзЛрзЯрж╛ржЦрж╛рж▓рзАрж░ ржмрж╛рж╣рж╛рж░  ржнрж╛ржЗ! ржЖржкржирж╛рж░ рж╢рзБржнржХрж╛ржоржирж╛рзЯ рж╣рж░рж┐рж▓рж╛ржоред,2022-07-07T15:02:02Z,0,0
jamil hossain,ржЖрж▓рж╣рж╛ржоржжрзБрж▓рж┐рж▓рзНрж▓рж╛рж╣рзН,2022-07-07T15:01:53Z,0,0
Tasnim ul Qur'an,ржПржЗ ржорж╛рзЯрж╛ржорзЯрзА ржорж╛'ржЯрж╛ржХрзЗ ржЖрж░ ржПрждрзЛ ржкрзНрж░рж╢рзНржиржмрж╛ржгрзЗ ржХрзЗржи ржЬрж░рзНржЬрж░рж┐ржд ржХрж░ржЫрзЛ  рж░рзБржгрж╛? рждрзБржорж┐ рждрзЛ рж╕ржмржЗ ржорж┐рж▓рж╛рждрзЗ ржкрж╛рж░рж▓рзЗред ржЦрж╛рж▓рж┐ тЭУ ржкрзНрж░рж╢рзНржи!,2022-07-07T15:01:21Z,3,0
ржЬрж┐рж╣рж╛ржжрж┐ ржХрж╛ржлрзЗрж▓рж╛,ржЖрж▓рж╣рж╛ржоржжрзБрж▓рж┐рж▓рзНрж▓рж╛рж╣,2022-07-07T15:00:45Z,1,0
Risha's Saudi Gold Showcase,ржЖрж▓рж╣рж╛ржоржжрзБрж▓рж┐рж▓рзНрж▓рж╛рж╣ редржЖрж▓рзНрж▓рж╛рж╣ ржЖржорж╛ржжрзЗрж░ рж╕ржмрж╛ржЗржХрзЗ рж╣рзЗржлрж╛ржЬржд ржХрж░рзБржи,2022-07-07T14:59:16Z,4,0
ржмрж╛рж╣рж░рж╛ржЗржи ржХрзБржорж┐рж▓рзНрж▓рж╛,ржорж╛рж╢рж╛ржЖрж▓рзНрж▓рж╛рж╣ ржЖрж▓рж╣рж╛ржоржжрзБрж▓рж┐рж▓рзНрж▓рж╛рж╣ ржЕржирзЗржХ ржнрж╛рж▓рзЛ рж▓рж╛ржЧрж▓рзЛ ржЖржЬржХрзЗ рж╕ржмрж╛ржЗ ржнрж╛рж▓рзЛ ржерж╛ржХржмрзЗржи ржирж┐рж░рж╛ржкржж ржерж╛ржХржмрзЗржи. ржжрзЛрзЯрж╛ рж░рж╣рж┐рж▓рзЛ,2022-07-07T14:58:50Z,5,0
Imran,ржЖрж▓рж╣рж╛ржоржжрзБрж▓рж┐рж▓рзНрж▓рж╛рж╣ ржЖрж▓рж╣рж╛ржоржжрзБрж▓рж┐рж▓рзНрж▓рж╛рж╣,2022-07-07T14:58:39Z,0,0
Ziaur Rahman,ржЖрж▓рж╣рж╛ржоржжрзБрж▓рж┐рж▓рзНрж▓рж╛рж╣  рж░рзБржирж╛ ржлрж┐рж░рж╛рж▓рзЛ ржкрж░рж┐ржмрж╛рж░рзЗрж░ ржХрж╛ржЫрзЗ,2022-07-07T14:57:39Z,4,0
Abu Taher,ржЖрж▓рж╣рж╛ржоржжрзБрж▓рж┐рж▓рзНрж▓рж╛рж╣,2022-07-07T14:54:22Z,0,0
Rihanna Rihanna,ржЖрж▓рж╣рж╛ржоржжрзБрж▓рж┐рж▓рзНрж▓рж╛рж╣,2022-07-07T14:54:05Z,0,0
MD Emran,ржЖрж▓рж╣рж╛ржоржжрзБрж▓рж┐рж▓рзНрж▓рж╛рж╣,2022-07-07T14:54:03Z,0,0
Sahana Begum,ржжрзМрж▓рждржкрзБрж░  ржЦрзБрж▓ржирж╛рж░ ржоржзрзНржпрзЗред,2022-07-07T14:53:52Z,1,0
╪з╪│╪к╪║┘Б╪▒ ╪з┘Д┘Д┘З,Alhamdulillah,2022-07-07T14:53:47Z,0,0
SHAYEK AHMED JP,Alhamdulillah,2022-07-07T14:52:21Z,0,0
Fareeda Mulla,"ржЖрж╣рж╛рж░рзЗ ржорж╛,,ржорж╛ рждрзЛ ржорж╛ ржЗ ,ржорж╛рж░ ржХрзЛржи рждрзБрж▓ржирж╛ рж╣рзЯ ржирж╛,",2022-07-07T14:52:18Z,0,0
Md Ashraf007,ржЖрж▓рж╣рж╛ржоржжрзБрж▓рж┐рж▓рзНрж▓рж╛рж╣ рж░рзБржирж╛ ржЖржкрзБ ржлрж┐рж░рзЗ ржЧрзЗрж▓ ржЖржкржи ржарж┐ржХрж╛ржирж╛рзЯ,2022-07-07T14:51:45Z,5,0
Iqbal mollik,"ржПржмрж╛рж░рзЗрж░ ржИржж ржЕржирзНржпрж░ржХржо рж╣ржмрзЗ ржПржЗ ржмрзЛржирзЗрж░ ржЬржирзНржп,ржЕржирзНрждрж░рзЗрж░ ржЕржирзНрждрж╕рзНржерж▓ ржерзЗржХрзЗ ржжрзЛрзЯрж╛ ржХрж░рж┐ рждрж╛ржжрзЗрж░ ржЬржирзНржп ржпрж╛рж░рж╛ рж╣рж╛рж░рж┐рзЯрзЗ ржпрж╛ржУрзЯрж╛ ржорж╛ржирзБрж╖ржжрзЗрж░ ржирж┐ржЬрзЗржжрзЗрж░ ржкрж░рж┐ржмрж╛рж░рзЗрж░ ржЖржкржиржЬржи ржХрж░рзЗ рж░рж╛ржЦрж╛рж░ ржЬржирзНржп,ржЖрж▓рзНрж▓рж╛рж╣ ржкрж╛ржХ ржЙржирж╛рж░ рж╢рж╛рж╢рзБрж░рж┐ржХрзЗ ржЬрж╛ржирзНржирж╛рждрзБрж▓ ржлрзЗрж░ржжрж╛ржЙрж╕ ржжрж╛ржи ржХрж░рзБржи ржЖржорзАржи,ржкрзНрж░рж┐рзЯ ржХрж┐ржмрж░рж┐рзЯрж╛ ржнрж╛ржЗ ржПржмржВ ржЙржирж╛рж░ ржЯрж┐ржорзЗрж░ рж╕ржмрж╛рж░ рж╕рзБрж╕рзНржмрж╛рж╕рзНржерзНржп ржУ ржирзЗржХ рж╣рж╛рзЯрж╛ржд ржХрж╛ржоржирж╛ ржХрж░рж┐ ржЖржорзАржи",2022-07-07T14:50:48Z,22,0
Faruk Miha,ржЖрж▓рж╣рж╛ржоржжрзБрж▓рж┐рж▓рзНрж▓рж╛рж╣,2022-07-07T14:50:42Z,0,0
Anowar Hossain,"ржЖрж▓рж╣рж╛ржоржжрзБрж▓рж┐рж▓рзНрж▓рж╛рж╣,,,,,, рзй ржжрж┐ржирзЗ рзйржЯрж┐ ржирзАрж░ рж╣рж╛рж░рж╛ ржкрж╛ржЦрж┐ рждрж╛рж░ ржЖржкржи ржарж┐ржХрж╛ржирж╛рзЯ ржлрж┐рж░рзЗ ржЧрзЗрж▓рзЛ,,,,рждрж╛рж░ ржЬржирзНржп  ржЖрж▓рзНрж▓рж╛рж╣рж╛рж░ ржХрж╛ржЫрзЗ ржЕрж╕ржВржЦрзНржп рж╢рзБржХрж░рж┐рзЯрж╛редржкрж░рж┐ржмрж╛рж░рзЗрж░ рж╕ржирзНржзрж╛ржи ржкрзЗрж▓рзЗ ржЦрзБрж╕рж┐рждрзЗ ржоржиржЯрж╛ ржнрж░рзЗ ржпрж╛рзЯред",2022-07-07T14:50:09Z,6,1
Sk Sagor70,"ржЖрж▓рж╣рж╛ржоржжрзБрж▓рж┐рж▓рзНрж▓рж╛рж╣ рзо ржЯрж┐ ржнрж┐ржбрж┐ржУ ржжрж┐ржпрж╝рзЗ рзи,рзпрзжрзж+ ржмржирзНржз ржкрзЗржпрж╝рзЗржЫрж┐ рж╢рзБржзрзБржорж╛рждрзНрж░ ржорж╛ржиржмрждрж╛рж░ ржХрж╛ржЬ ржХрж░рж┐ рждрж╛ржЗ рж╕ржмрж╛рж░ ржнрж╛рж▓рзЛржмрж╛рж╕рж╛ржпрж╝ ржПржЧрж┐ржпрж╝рзЗ ржпрзЗрждрзЗ ржЪрж╛ржЗ ЁЯШНЁЯШНЁЯШНЁЯМ╣ЁЯМ╣ЁЯМ╣ржЖржкржирж╛рж░рж╛ ржкрж╛рж╢рзЗ ржерж╛ржХржмрзЗржи рж╕ржмрж╛ржЗ ржХрзЗ ржЕржирзЗржХ ржЕржирзЗржХ ржзржирзНржпржмрж╛ржжЁЯСНЁЯМ╣ЁЯМ╣ЁЯМ╣ЁЯМ╣ЁЯМ╣ЁЯМ╣",2022-07-07T15:58:20Z,0,
Aysha Siddiqa,ALHAMDULELLA,2022-07-07T14:50:00Z,1,0
Tahmina Akter,ржЖрж▓рж╣рж╛ржоржжрзБрж▓рж┐рж▓рзНрж▓рж╛рж╣,2022-07-07T14:49:46Z,0,0
Sattar Talukdar,ржЖрж▓рж╣рж╛ржоржжрзБрж▓рж┐рж▓рзНрж▓рж╛рж╣ ржЖрж▓рж╣рж╛ржоржжрзБрж▓рж┐рж▓рзНрж▓рж╛рж╣ ржЖрж▓рж╣рж╛ржоржжрзБрж▓рж┐рж▓рзНрж▓рж╛рж╣ ржЖржкржирж╛рж░ ржЬржирзНржп ржжрзЛрзЯрж╛ рж░рж╣рж┐рж▓рзЛ,2022-07-07T14:49:19Z,6,0
Shiblu Miyah,ржЖрж▓рж╣рж╛ржоржжрзБрж▓рж┐рж▓рзНрж▓рж╛рж╣,2022-07-07T14:49:14Z,0,0
afroza malek,ржЖрж▓рж╣рж╛ржоржжрзБрж▓рж┐рж▓рзНрж▓рж╛рж╣,2022-07-07T14:48:35Z,0,0
khokon khan,рззрзжрзж ржЯрж╛ рж╣рж▓рзЗ ржЙрзОрж╕ржм ржХрж░рж╛рж░ ржХржерж╛ ржЫрж┐рж▓,2022-07-07T14:45:09Z,2,0
Hasan ms,ржЖрж▓рж╣рж╛ржоржжрзБрж▓рж┐рж▓рзНрж▓рж╛рж╣ред,2022-07-07T14:43:57Z,0,0
Tasmiah TahsinЁЯТЫЁЯзбтЭдя╕П,"ржЖрж▓рж╣рж╛ржоржжрзБрж▓рж┐рж▓рзНрж▓рж╛рж╣
ржиржиржж рж╣рж╛ржЬржмрзНржпрж╛ржирзНржбрзЗрж░ ржЫрзЛржЯ ржмрзЛржи ржиржирж╛рж╕ рж╣рж╛ржЬржмрзНржпрж╛ржирзНржбрзЗрж░ ржмрзЬрзЛ ржмрзЛржиред",2022-07-07T14:43:55Z,0,0
Kabir Hossain,ржЖрж▓рж╣рж╛ржоржжрзБрж▓рж┐рж▓рзНрж▓рж╛рж╣,2022-07-07T14:43:40Z,0,0
Mehedi Hasan,ржЖрж▓рж╣рж╛ржоржжрзБрж▓рж┐рж▓рзНрж▓рж╛рж╣,2022-07-07T14:43:19Z,0,0
Jahid Hasan,ржЖрж▓рж╣рж╛ржоржжрзБрж▓рж┐рж▓рзНрж▓рж╛рж╣,2022-07-07T14:43:17Z,0,0
Md asraful Slam,ржЖрж▓рж╣рж╛ржоржжрзБрж▓рж┐рж▓рзНрж▓рж╛рж╣ ржЖрж▓рж╣рж╛ржоржжрзБрж▓рж┐рж▓рзНрж▓рж╛рж╣ ржЖрж▓рж╣рж╛ржоржжрзБрж▓рж┐рж▓рзНрж▓рж╛рж╣  ржПржнрж╛ржмрзЗ рж╢рзБржЦржмрзЛрж░ржкрзЗрж▓рзЗ ржЕржирзЗржХржнрж╛рж▓рж▓рж╛ржЧрзЗ,2022-07-07T14:42:43Z,1,1
Sk Sagor70,"ржЖрж▓рж╣рж╛ржоржжрзБрж▓рж┐рж▓рзНрж▓рж╛рж╣ рзо ржЯрж┐ ржнрж┐ржбрж┐ржУ ржжрж┐ржпрж╝рзЗ рзи,рзпрзжрзж+ ржмржирзНржз ржкрзЗржпрж╝рзЗржЫрж┐ рж╢рзБржзрзБржорж╛рждрзНрж░ ржорж╛ржиржмрждрж╛рж░ ржХрж╛ржЬ ржХрж░рж┐ рждрж╛ржЗ рж╕ржмрж╛рж░ ржнрж╛рж▓рзЛржмрж╛рж╕рж╛ржпрж╝ ржПржЧрж┐ржпрж╝рзЗ ржпрзЗрждрзЗ ржЪрж╛ржЗ ЁЯШНЁЯШНЁЯШНЁЯМ╣ЁЯМ╣ЁЯМ╣ржЖржкржирж╛рж░рж╛ ржкрж╛рж╢рзЗ ржерж╛ржХржмрзЗржи рж╕ржмрж╛ржЗ ржХрзЗ ржЕржирзЗржХ ржЕржирзЗржХ ржзржирзНржпржмрж╛ржжЁЯСНЁЯТЯЁЯТЯЁЯТЯЁЯТЯ",2022-07-07T16:18:24Z,0,
Mamon Mia,ржкржжрзНржзрждрж┐ ржЯрж╛ ржнрж╛рж▓ рж╣рзЯрзЗржЫрзЗред  ржИржжрзЗрж░ ржкрж░рзЗ ржирждрзБржи ржнрж┐ржбрж┐ржУ ржжрж┐рж▓рзЗржЗ ржнрж╛рж▓ рж╣ржмрзЗ,2022-07-07T14:42:16Z,1,1
Sk Sagor70,"ржЖрж▓рж╣рж╛ржоржжрзБрж▓рж┐рж▓рзНрж▓рж╛рж╣ рзо ржЯрж┐ ржнрж┐ржбрж┐ржУ ржжрж┐ржпрж╝рзЗ рзи,рзпрзжрзж+ ржмржирзНржз ржкрзЗржпрж╝рзЗржЫрж┐ рж╢рзБржзрзБржорж╛рждрзНрж░ ржорж╛ржиржмрждрж╛рж░ ржХрж╛ржЬ ржХрж░рж┐ рждрж╛ржЗ рж╕ржмрж╛рж░ ржнрж╛рж▓рзЛржмрж╛рж╕рж╛ржпрж╝ ржПржЧрж┐ржпрж╝рзЗ ржпрзЗрждрзЗ ржЪрж╛ржЗ ЁЯШНЁЯШНЁЯШНЁЯМ╣ЁЯМ╣ЁЯМ╣ржЖржкржирж╛рж░рж╛ ржкрж╛рж╢рзЗ ржерж╛ржХржмрзЗржи рж╕ржмрж╛ржЗ ржХрзЗ ржЕржирзЗржХ ржЕржирзЗржХ ржзржирзНржпржмрж╛ржжЁЯСНЁЯТЯЁЯТЯЁЯТЯЁЯТЯ",2022-07-07T16:15:06Z,0,
Azman Molla,ржЖрж▓рж╣рж╛ржоржжрзБрж▓рж┐рж▓рзНрж▓рж╛рж╣,2022-07-07T14:41:43Z,0,0
Aman Ullah,Alhamdulillah Alhamdulillah Alhamdulillah Alhamdulillah Alhamdulillah,2022-07-07T14:40:56Z,0,0
Nadia Akter,"ржПржмрж╛рж░ ржкрзБрж░рж╛ ржкрж░рж┐ржмрж╛рж░ ржирж┐рзЯрж╛ ржИржж ржХрж░ржмрзЗ 
ржИржж ржорзЛржмрж╛рж░ржХ рждрзЛржорж╛рж░ ржЬржирзНржп ржжрзЛрзЯрж╛ рж░ржЗрж▓ 
ржнрж╛рж▓рзЛ ржерж╛ржХрзЛ рж╕ржм рж╕ржорзЯ",2022-07-07T14:40:32Z,8,0
ржорзЛрж╣рж╛ржорзНржоржж ржорзЛрж░рж╢рзЗржжрзБрж▓ржЖрж▓ржо,ржЖрж▓рж╣рж╛ржоржжрзБрж▓рж┐рж▓рзНрж▓рж╛рж╣,2022-07-07T14:40:26Z,0,0
Ekramul Hoque,Alhamdulillah,2022-07-07T14:39:58Z,0,0
12345shahab 1234tshahab,"ржПржЗржЯрж╛ ржХрж┐ рж╣ржЗрж▓рзЛ ржнрж╛ржЗ ржмрзЛржи ржХрж╛ржЙржХрзЗ ржжрж░рж▓рзЛржирж╛ ржПрждрзЛ ржмрж╕рж░ ржкрж░ ржЖржкржи ржЬржи ржкрзЗрзЯрзЗ 
ржнрж┐ржбрж┐ржУ ржЯрж╛ ржнрж╛рж▓рзЛ рж▓рж╛ржЧржЫрзЗ ржирж╛",2022-07-07T14:39:22Z,1,0
HUMAYUN HUMAYUN,"ржЖрж▓рж╣рж╛ржоржжрзБрж▓рж┐рж▓рзНрж▓рж╛рж╣ рж░рзБржирж╛ ржкрж┐рж░рзЗ ржЧрзЗрж▓рзЛ ржЖржкржи ржарж┐ржХрж╛ржирж╛ ржжрзЛрзЯрж╛ ржХрж░рж┐ ржЖрж▓рзНрж▓рж╛рж╣ ржкрж╛ржХ ржЬрзЗржи рждрж╛ржХрзЗ рж╕рзБрж╕рзНрже   
рж╕рзЛржирзНржжрж░ рж░рж╛ржЦрзЗ ржПржмржВ рж╣рзЗржлрж╛ржЬржд ржХрж░рзЗ ржЖржорж┐ржиред",2022-07-07T14:36:37Z,12,0
tamanna Adv,"ржХрж┐ржмрж░рж┐ржпрж╝рж╛ ржнрж╛ржЗржпрж╝рж╛ ржпржЦржи ржмрж▓рзЗ рж╕ржорзНржкрж░рзНржХ ржмрзБржЭрждрзЗ ржЧрж┐ржпрж╝рзЗ ржорж╛ржЯрж┐рждрзЗ ржарж╛рж╕ ржХрж░рзЗ ржкрж░рзЗ ржпрж╛ржмрзЗ , рж╣рж╛рж╕рж┐ ржерж╛ржорж╛рждрзЗ ржкрж╛рж░рж┐ржирж┐ред ржЖрж▓рзНрж▓рж╛рж╣ ржнрж╛ржЗржпрж╝рж╛ржХрзЗ ржирзЗржХ рж╣рж╛ржпрж╝рж╛ржд ржжрж╛ржи ржХрж░рзБржиред",2022-07-07T14:35:53Z,14,1
MdLablu Hasan,ржЖрж▓рзНрж▓рж╛рж╣ ржпрзЗржи ржирзЗржХ рж╣рж╛ржпрж╝рж╛ржд ржжрж╛ржи ржХрж░рзБржХ ржЖржорзАржи,2022-07-09T08:24:08Z,0,
Umme Fariha,тЭд,2022-07-07T14:35:35Z,0,0
Sheoly Sheoly,ржЖржорж░рж╛ ржЪрж▓рзЗ ржпрж╛ржЪрзНржЫрж┐ ржПржЦржи ржЪрж╛ржжрзЗрж░ ржорзЗрж▓рж╛рзЯредЁЯШГЁЯШГ,2022-07-07T14:35:26Z,1,0
Abdul samade,S,2022-07-07T14:34:30Z,0,0
Abul Kalam,"ржЖрж▓рж╣рж╛ржоржжрзБрж▓рж┐рж▓рзНрж▓рж╛рж╣ 
ржЖржкрзБрж░ ржЬржитАНрзНржп рж╕рзБржн ржХрж╛ржоржирж╛ред",2022-07-07T14:34:29Z,4,0
Kashem Feni,KASHEM FENI KUWAIT,2022-07-07T14:34:18Z,0,0
MD Saiful Islam,ржЖрж▓рж╣рж╛ржоржжрзБрж▓рж┐рж▓рзНрж▓рж╛рж╣ тЭдя╕П,2022-07-07T14:33:43Z,4,0
Nasir Pordan,"ржкрзБржирж░рж╛рзЯ ржЖрж▓рж╣рж╛ржоржжрзБрж▓рж┐рж▓рзНрж▓рж╛рж╣, рж░рзБржирж╛ рждрж╛рж░ ржЖржкржи ржарж┐ржХрж╛ржирж╛рзЯ ржлрж┐рж░рзЗ ржЧрзЗрж▓рзЛред",2022-07-07T14:33:30Z,4,0
12345shahab 1234tshahab,ржЧржд ржХрж╛рж▓ржХрзЗрж░ ржнрж┐ржбрж┐ржУ ржЯрж╛ ржнрж╛рж▓рзЛ ржЫрж┐рж▓,2022-07-07T14:32:24Z,1,0
Abdul Motaleb,Alhamdulillah,2022-07-07T14:32:00Z,0,0
Shahanara Sattar,ржЕржирзЗржХ ржмрзЗрж╢рж┐ ржжрзЛрзЯрж╛ рж░ржЗрж▓рзЛред,2022-07-07T14:31:51Z,2,0
Yousuf patuary,ржЖрж▓рзНрж▓рж╛рж╣ ржорж╣рж╛ржи,2022-07-07T14:31:17Z,1,0
Vivo Y20,ЁЯСНЁЯСН,2022-07-07T14:31:03Z,1,0
MUSHRAF HUSSAIN,AL hamdulillah,2022-07-07T14:30:36Z,0,0
helal mohammad,Alhamdulilah wishing for all of them.,2022-07-07T14:29:32Z,2,0
Delowar Hussain Nxd,ржЖрж▓рж╣рж╛ржоржжрзБрж▓рж┐рж▓рзНрж▓рж╛рж╣,2022-07-07T14:28:00Z,0,0
MAjedul islam,"ржЖрж▓рж╣рж╛ржоржжрзБрж▓рж┐рж▓рзНрж▓рж╛рж╣ ЁЯд▓ред

ржзржирзНржпржмрж╛ржж рж╕ржХрж▓ ржЯрж┐ржо ржнрж▓рзЗржирзНржЯрж┐ржпрж╝рж╛рж░ ржжрзЗрж░ 
ржЖрж▓рзНрж▓рж╛рж╣ рж╕ржХрж▓ ржХрзЗ ржнрж╛рж▓рзЛ рж░рж╛ржЦрзБржХ рж╕рзБрж╕рзНрже рж░рж╛ржЦрзБржи ржПржЗ ржжрзЛржпрж╝рж╛ ржХрж░рж┐ ржЖржорж┐ржи ЁЯд▓тЭдя╕П",2022-07-07T14:27:05Z,5,0
Abdul Aziz,ржЖрж▓рж╣рж╛ржоржжрзБрж▓рж┐рж▓рзНрж▓рж╛рж╣ ржнрж╛ржЗ ржжрзЛрзЯрж╛ рж░ржЗрж▓рзЛ,2022-07-07T14:26:59Z,2,0
Sj Manik,"ржпрзЗ ржЖржкрзБ ржкрж░рж┐ржмрж╛рж░ ржЦрзБржБржЬрзЗ ржкрзЗрж▓,,,,, ржпрждржЯрж╛ ржХрж╛ржирзНржирж╛ ржХрж░ржирж┐,,,,  ржпрзЗ ржкрж╛рж▓ржЫрзЗ ржУ ржЖржкрзБ ржЯрж┐ ржЕржирзЗржХ ржХрж╛ржирзНржирж╛ржХрж╛ржЯрж┐ ржХрж░ржЫрзЗ,,,,, ржЖрж▓рж╣рж╛ржоржжрзБрж▓рж┐рж▓рзНрж▓рж╛рж╣",2022-07-07T14:26:47Z,6,0
Md Hasan,ржЖрж▓рж╣рж╛ржоржжрзБрж▓рж┐рж▓рзНрж▓рж╛рж╣,2022-07-07T14:26:44Z,0,0
Manika Paul,AMI KOLKATA  THEKE APNAR  SOB  VIDEO  GULO DEKHI .KHUB BHALO LAGE.  KIBRIA  TOMAKE. KHUB  V├АLO LAGE . KICHHU SOMOY  KATHA  SONAR ASUBIDHA  HOY . ├АMI 67YRS  LADY . GUEST  R├А  JENO JORE SOUND KORE  KATHA  BALEN . ALLAHU AKBER.,2022-07-07T14:26:36Z,1,1
Khalid Rasid,"ржкрж╢рзНржЪрж┐ржоржмржЩрзНржЧрзЗ ржПржЗрж░ржХржо ржпржжрж┐ ржПржХржЯрж╛ ржЕржирзБрж╖рзНржарж╛ржи рж╣рзЯ, рждрж╛рж╣рж▓рзЗ ржЦрзБржм ржнрж╛рж▓рзЛ рж╣ржмрзЗред",2022-07-07T14:59:21Z,0,
Jelly Akter,ржЖрж▓рж╣рж╛ржоржжрзБрж▓рж┐рж▓рзНрж▓рж╛рж╣ ржмрзЛржиржЯрж┐рж░ ржЬржирзНржп ржжрзЛрзЯрж╛ ржХрж░рж┐ред,2022-07-07T14:25:56Z,5,1
Sk Sagor70,"ржЖрж▓рж╣рж╛ржоржжрзБрж▓рж┐рж▓рзНрж▓рж╛рж╣ рзо ржЯрж┐ ржнрж┐ржбрж┐ржУ ржжрж┐ржпрж╝рзЗ рзи,рзпрзжрзж+ ржмржирзНржз ржкрзЗржпрж╝рзЗржЫрж┐ рж╢рзБржзрзБржорж╛рждрзНрж░ ржорж╛ржиржмрждрж╛рж░ ржХрж╛ржЬ ржХрж░рж┐ рждрж╛ржЗ рж╕ржмрж╛рж░ ржнрж╛рж▓рзЛржмрж╛рж╕рж╛ржпрж╝ ржПржЧрж┐ржпрж╝рзЗ ржпрзЗрждрзЗ ржЪрж╛ржЗ ЁЯШНЁЯШНЁЯШНЁЯМ╣ЁЯМ╣ЁЯМ╣ржЖржкржирж╛рж░рж╛ ржкрж╛рж╢рзЗ ржерж╛ржХржмрзЗржи рж╕ржмрж╛ржЗ ржХрзЗ ржЕржирзЗржХ ржЕржирзЗржХ ржзржирзНржпржмрж╛ржжЁЯСНЁЯТЭЁЯТЭЁЯТЭЁЯТЭЁЯТЭ",2022-07-07T16:02:28Z,0,
Kamal Saide,ржЖрж▓рж╣рж╛ржоржжрзБрж▓рж┐рж▓рзНрж▓рж╛рж╣,2022-07-07T14:25:47Z,0,0
Sky Media ржмрж┐рж╢рзНржм ржорзБрж╕рж▓рж┐ржо ржПржХ рж╣ржУ,"тЬ┐тАвя║Я┘Оя║░┘Оя║Ня╗Щ┘Оя║Ня╗Яя╗а┘С┘Уя╗к┘Пя║з┘Оя╗┤┘Тя║о┘Ля║НтАвтЬ┐ржЖрж▓рж╣рж╛ржоржжрзБрж▓рж┐рж▓рзНрж▓рж╛рж╣рзН  
ЁЯеА(ржЬрж╛ржпрж╛ржХрж╛рж▓рзНрж▓рж╛рж╣рзБ ржЦрж╛ржЗрж░рж╛ржи)ЁЯеА
р╝║""ржЖрж▓рзНрж▓рж╛рж╣ ржЖржкржирж╛ржХрзЗ ржЙрждрзНрждржо ржкрзНрж░рждрж┐ржжрж╛ржи ржжрж╛ржи ржХрж░рзБржХ""р╝╗",2022-07-07T14:25:35Z,6,1
Sk Sagor70,"ржЖрж▓рж╣рж╛ржоржжрзБрж▓рж┐рж▓рзНрж▓рж╛рж╣ рзо ржЯрж┐ ржнрж┐ржбрж┐ржУ ржжрж┐ржпрж╝рзЗ рзи,рзпрзжрзж+ ржмржирзНржз ржкрзЗржпрж╝рзЗржЫрж┐ рж╢рзБржзрзБржорж╛рждрзНрж░ ржорж╛ржиржмрждрж╛рж░ ржХрж╛ржЬ ржХрж░рж┐ рждрж╛ржЗ рж╕ржмрж╛рж░ ржнрж╛рж▓рзЛржмрж╛рж╕рж╛ржпрж╝ ржПржЧрж┐ржпрж╝рзЗ ржпрзЗрждрзЗ ржЪрж╛ржЗ ЁЯШНЁЯШНЁЯШНЁЯМ╣ЁЯМ╣ЁЯМ╣ржЖржкржирж╛рж░рж╛ ржкрж╛рж╢рзЗ ржерж╛ржХржмрзЗржи рж╕ржмрж╛ржЗ ржХрзЗ ржЕржирзЗржХ ржЕржирзЗржХ ржзржирзНржпржмрж╛ржжЁЯСНЁЯМ╣ЁЯМ╣ЁЯМ╣ЁЯМ╣",2022-07-07T16:01:45Z,0,
Md Morsed,ржЖрж▓рж╣рж╛ржоржжрзБрж▓рж┐рж▓рзНрж▓рж╛рж╣,2022-07-07T14:25:11Z,0,0
Md.Aminul Islam Badol,ржЖрж▓рзНрж▓рж╛рж╣рзБ ржЖржХржмрж╛рж░,2022-07-07T14:25:02Z,1,0
Kamal Ahmed,Jono sonka koman,2022-07-07T14:23:36Z,1,0
Md Amir,ржХрж┐ржмрж░рж┐рзЯрж╛ ржнрж╛ржЗ ржЖржкржирж┐ ржХрзА рж╕рзЛржЬрж╛ рж╕рж░рж▓ ржнрж╛рж╖рж╛ ржмрзЛржЭрзЗржи ржирж╛ ржирж╛ ржирж╛ ржирж╛ ржирж╛ ржХрзЗржи  ?,2022-07-07T14:23:11Z,0,0
Simon,Alhamdulillah.alhamdulillah,2022-07-07T14:23:06Z,1,0
Nurul Amin,ржорж╛ ржорзЗржпрж╝рзЗрж░ ржЪрзЗрж╣рж╛рж░рж╛ ржПржХржжржо  ржорж┐рж▓ ржЖржЫрзЗ,2022-07-07T14:23:03Z,4,0
liza hasan,ржЖрж▓рж╣рж╛ржоржжрзБрж▓рж┐рж▓рзНрж▓рж╛рж╣,2022-07-07T14:21:52Z,0,0
Abul Kalam,ржорж╛ рж╕рзБржжрзБ ржорж╛ ржЬрж╛рж░ рждрзБрж▓рзЛржирж╛ ржкрзГржерж┐ржмрзАрж░ ржХрзЛржирзЛ ржХрж┐ржЫрзБрж░ рж╕рж╛рждрзЗ рждрзБрж▓рзЛржирж╛ рж╣ржмрзЗржирж╛ ржорж╛ ржЖржорж╛рж░ ржорж╛,2022-07-07T14:21:35Z,5,0
Kazi Jamal,"ржЖрж▓рж╣рж╛ржоржжрзБрж▓рж┐рж▓рзНрж▓рж╛рж╣,,, тЭдя╕ПтЭдя╕П,, ржЖрж▓рзНрж▓рж╛рж╣ рж╕рзБржмрж╣рж╛ржирж╛рж╣рзБ ржУржпрж╝рж╛ рждрж╛ржпрж╝рж╛рж▓рж╛ ржЖржорж╛ржжрзЗрж░ рж╕ржмрж╛ржЗржХрзЗ рж╕рзБрж╕рзНрже ржУ рж╕рзБржирзНржжрж░ ржЬрзАржмржи ржпрж╛ржкржирзЗрж░ рждрзМржлрж┐ржХ ржжрж┐ржи,, рж╣рж╛рж░рж┐ржпрж╝рзЗ ржпрж╛ржУржпрж╝рж╛ рж╕рзЗржЗ рж╕ржм ржнрж╛ржЗ ржмрзЛржи ржжрзЗрж░ ржХрзЗ рждрж╛ржжрзЗрж░ ржкрж░рж┐ржмрж╛рж░рзЗ ржлрж┐рж░рзЗ ржпрж╛ржУржпрж╝рж╛рж░ ржкрзНрж░рждрзНржпржпрж╝ ржмрзНржпржХрзНржд ржХрж░рзЗ,,,, ржЖрж╕рж╕рж╛рж▓рж╛ржорзБржпрж╝рж╛рж▓рж╛ржЗржХрзБржо ржУржпрж╝рж╛ рж░рж╛рж╣ржорж╛рждрзБрж▓рзНрж▓рж╛рж╣,,,,",2022-07-07T14:20:33Z,11,0
Dilawar Hussain,"рж╢рзБржХрж░рж┐рзЯрж╛ ржЖржжрж╛рзЯ ржХрж░ржЫрж┐ ржЖрж▓рзНрж▓рж╛рж╣рж░ ржжрж░ржмрж╛рж░рзЗ,,,,",2022-07-07T14:19:40Z,2,0
Alo Amena,ржЖржоржорж╛рж░рж╛ ржПржЦржи ржЕржирзЗржХ ржЪрж╛рж▓рж╛ржХ  рж╣рзЯрзЗ ржЧрзЗржЫрзЗред,2022-07-07T14:19:09Z,0,0
Sumaiya Akter,ржЖрж▓рж╣рж╛ржоржжрзБрж▓рж┐рж▓рзНрж▓рж╛рж╣,2022-07-07T14:18:55Z,0,0
Mohammed Nazrul,ржЖрж▓рж╣рж╛ржоржжрзБрж▓рж┐рж▓рзНрж▓рж╛рж╣ ржЖрж░ржУ ржПржХржЯрж┐ рж╕ржлрж▓ ржнрж┐ржбрж┐ржУ ржжрзЗржЦрж▓рж╛ржоред,2022-07-07T14:18:24Z,2,0
Sokhi Sokhi,Alhamdulilah.,2022-07-07T14:18:06Z,1,0
Salauddin Miah,ржЖрж▓рж╣рж╛ржоржжрзБрж▓рж┐рж▓рзНрж▓рж╛рж╣ ржЖрж▓рж╣рж╛ржоржжрзБрж▓рж┐рж▓рзНрж▓рж╛рж╣ ржЖрж▓рзНрж▓рж╛рж╣ ржорзЛрж╣рж╛ржи,2022-07-07T14:17:39Z,3,1
Sk Sagor70,"ржЖрж▓рж╣рж╛ржоржжрзБрж▓рж┐рж▓рзНрж▓рж╛рж╣ рзо ржЯрж┐ ржнрж┐ржбрж┐ржУ ржжрж┐ржпрж╝рзЗ рзи,рзпрзжрзж+ ржмржирзНржз ржкрзЗржпрж╝рзЗржЫрж┐ рж╢рзБржзрзБржорж╛рждрзНрж░ ржорж╛ржиржмрждрж╛рж░ ржХрж╛ржЬ ржХрж░рж┐ рждрж╛ржЗ рж╕ржмрж╛рж░ ржнрж╛рж▓рзЛржмрж╛рж╕рж╛ржпрж╝ ржПржЧрж┐ржпрж╝рзЗ ржпрзЗрждрзЗ ржЪрж╛ржЗ ЁЯШНЁЯШНЁЯШНЁЯМ╣ЁЯМ╣ЁЯМ╣ржЖржкржирж╛рж░рж╛ ржкрж╛рж╢рзЗ ржерж╛ржХржмрзЗржи рж╕ржмрж╛ржЗ ржХрзЗ ржЕржирзЗржХ ржЕржирзЗржХ ржзржирзНржпржмрж╛ржжЁЯСНЁЯТЯЁЯТЯЁЯТЯЁЯТЯ",2022-07-07T16:13:13Z,0,
Md Iqbal,ржкрзНрж░рж╢рзНржи ржЕржирзЗржХ ржжрж░ржХрж╛рж░ ржЫрж┐рж▓рзЛ ржирж╛ ржПрждрзЛржЧрзБрж▓рж╛ рждржерзНржп  ржорж┐рж▓рж╛рж░ ржкрж░ржУ ржирждрзБржи ржирждрзБржи ржкрзНрж░рж╢рзНржи ржХрж░рж╛ржЯрж╛ ржЕржмрж╛ржирзНрждрж░редржПрж░ ржкрзНрж░рж╢рзНржирзЗрж░ рж╢рзЗрж╖ ржирж╛ржЗ рзи ржШржирзНржЯрж╛ рж╕ржорзЯ ржжрж┐рж▓рзЗ рж╕рзЗ ржкрзНрж░рж╢рзНржи ржХрж░рждрзЗржЗ ржерж╛ржХржмрзЗред,2022-07-07T14:14:00Z,7,1
Mousumi Akter,ржЖржкржирж╛рж░ ржХрж╛ржЫрзЗ ржЕржмрж╛ржирзНрждрж░ ржоржирзЗ рж╣рж▓рзЗржУ рждрж╛ржжрзЗрж░ ржЬржирзНржп ржнрж╛рж▓рзЛ ржХрж░рзЗ ржорж┐рж▓рж┐рзЯрзЗ ржирзЗржУрзЯрж╛ржЯрж╛ржЗ ржЙржЪрж┐рждред,2022-07-07T14:38:49Z,2,
Mohammad Babel,ржЖрж▓рж╣рж╛ржоржжрзБрж▓рж┐рж▓рзНрж▓рж╛рж╣,2022-07-07T14:13:44Z,1,0
masud Rana,"ржЖрж▓рж╣рж╛ржоржжрзБрж▓рж┐рж▓рзНрж▓рж╛рж╣  ржЦрзБрж╢рж┐ рж╣рж▓рж╛ржо, рзй ржжрж┐ржирзЗ  рзй ржЯрж╛ ржнрж┐ржбрж┐ржУ ржжрзЗржЦрж▓рж╛ржо, ЁЯе░ЁЯе░ЁЯе░ ржИржж ржорзЛржмрж╛рж░ржХ рж╕ржмрж╛ржЗржХрзЗ",2022-07-07T14:13:43Z,28,3
Alam Momtaj,ржЖрж▓рж╣рж╛ржоржжрзБрж▓рж┐рж▓рж▓рж╛,2022-07-07T17:34:40Z,0,
Bedana Begam,Kub.kusi.hoilam.vai.eed.mubark.vai,2022-07-07T17:13:30Z,0,
Sk Sagor70,"ржЖрж▓рж╣рж╛ржоржжрзБрж▓рж┐рж▓рзНрж▓рж╛рж╣ рзо ржЯрж┐ ржнрж┐ржбрж┐ржУ ржжрж┐ржпрж╝рзЗ рзи,рзпрзжрзж+ ржмржирзНржз ржкрзЗржпрж╝рзЗржЫрж┐ рж╢рзБржзрзБржорж╛рждрзНрж░ ржорж╛ржиржмрждрж╛рж░ ржХрж╛ржЬ ржХрж░рж┐ рждрж╛ржЗ рж╕ржмрж╛рж░ ржнрж╛рж▓рзЛржмрж╛рж╕рж╛ржпрж╝ ржПржЧрж┐ржпрж╝рзЗ ржпрзЗрждрзЗ ржЪрж╛ржЗ ЁЯШНЁЯШНЁЯШНЁЯМ╣ЁЯМ╣ЁЯМ╣ржЖржкржирж╛рж░рж╛ ржкрж╛рж╢рзЗ ржерж╛ржХржмрзЗржи рж╕ржмрж╛ржЗ ржХрзЗ ржЕржирзЗржХ ржЕржирзЗржХ ржзржирзНржпржмрж╛ржжЁЯСНЁЯТЭЁЯТЭЁЯТЭЁЯТЭ",2022-07-07T15:56:53Z,0,
Sujon Hossain,ржЖрж▓рзНрж▓рж╛рж╣ ржнрж░рж╕рж╛,2022-07-07T14:13:24Z,2,0
Md Harun,рж▓рзЛржЯ рж╕рзЗржбрж┐ржи ржирж┐рзЯрж╛ ржХрж┐ржмрж░рж┐рзЯрж╛ ржнрж╛ржЗ  ржЦрзБржм ржмрж┐ржкржжрзЗ ржЖржЪрзЗ,2022-07-07T14:10:41Z,3,0
Mobarak Hossain,"ржЖрж▓рж╣рж╛ржоржжрзБрж▓рж┐рж▓рзНрж▓рж╛рж╣, ЁЯТЦЁЯТЦЁЯТЦ",2022-07-07T14:08:10Z,5,0
Sordar Arif Hossain,"ржЖрж▓рж╣рж╛ржоржжрзБрж▓рж┐рж▓рзНрж▓рж╛рж╣ ЁЯд▓ред

ржзржирзНржпржмрж╛ржж рж╕ржХрж▓ ржЯрж┐ржо ржнрж▓рзЗржирзНржЯрж┐ржпрж╝рж╛рж░ ржжрзЗрж░ 
ржЖрж▓рзНрж▓рж╛рж╣ рж╕ржХрж▓ ржХрзЗ ржнрж╛рж▓рзЛ рж░рж╛ржЦрзБржХ рж╕рзБрж╕рзНрже рж░рж╛ржЦрзБржи ржПржЗ ржжрзЛржпрж╝рж╛ ржХрж░рж┐ ржЖржорж┐ржи ЁЯд▓тЭдя╕П",2022-07-07T14:07:09Z,31,1
Sk Sagor70,"ржЖрж▓рж╣рж╛ржоржжрзБрж▓рж┐рж▓рзНрж▓рж╛рж╣ рзо ржЯрж┐ ржнрж┐ржбрж┐ржУ ржжрж┐ржпрж╝рзЗ рзи,рзпрзжрзж+ ржмржирзНржз ржкрзЗржпрж╝рзЗржЫрж┐ рж╢рзБржзрзБржорж╛рждрзНрж░ ржорж╛ржиржмрждрж╛рж░ ржХрж╛ржЬ ржХрж░рж┐ рждрж╛ржЗ рж╕ржмрж╛рж░ ржнрж╛рж▓рзЛржмрж╛рж╕рж╛ржпрж╝ ржПржЧрж┐ржпрж╝рзЗ ржпрзЗрждрзЗ ржЪрж╛ржЗ ЁЯШНЁЯШНЁЯШНЁЯМ╣ЁЯМ╣ЁЯМ╣ржЖржкржирж╛рж░рж╛ ржкрж╛рж╢рзЗ ржерж╛ржХржмрзЗржи рж╕ржмрж╛ржЗ ржХрзЗ ржЕржирзЗржХ ржЕржирзЗржХ ржзржирзНржпржмрж╛ржжЁЯСНЁЯШНЁЯШНЁЯШН",2022-07-07T15:55:12Z,0,
Md.Zillur Rahman opu,ржЖрж▓рж╣рж╛ржоржжрзБрж▓рж┐рж▓рзНрж▓рж╛рж╣ ЁЯТЬЁЯТЬ,2022-07-07T14:05:46Z,5,0
Md Ziaur,Pls ЁЯЩП attach your basic and updated video with English subtitles. I am a follower of your program kindly attach English TRANSLATION. It's very hard for me to understand. I am viewer from MALAYSIA.,2022-07-07T14:03:04Z,10,3
Abul Khair,Where do you stay in malaysia..i m in malaysia too..,2022-07-07T18:38:47Z,0,
Sk Sagor70,"ржЖрж▓рж╣рж╛ржоржжрзБрж▓рж┐рж▓рзНрж▓рж╛рж╣ рзо ржЯрж┐ ржнрж┐ржбрж┐ржУ ржжрж┐ржпрж╝рзЗ рзи,рзпрзжрзж+ ржмржирзНржз ржкрзЗржпрж╝рзЗржЫрж┐ рж╢рзБржзрзБржорж╛рждрзНрж░ ржорж╛ржиржмрждрж╛рж░ ржХрж╛ржЬ ржХрж░рж┐ рждрж╛ржЗ рж╕ржмрж╛рж░ ржнрж╛рж▓рзЛржмрж╛рж╕рж╛ржпрж╝ ржПржЧрж┐ржпрж╝рзЗ ржпрзЗрждрзЗ ржЪрж╛ржЗ ЁЯШНЁЯШНЁЯШНЁЯМ╣ЁЯМ╣ЁЯМ╣ржЖржкржирж╛рж░рж╛ ржкрж╛рж╢рзЗ ржерж╛ржХржмрзЗржи рж╕ржмрж╛ржЗ ржХрзЗ ржЕржирзЗржХ ржЕржирзЗржХ ржзржирзНржпржмрж╛ржжЁЯСНЁЯШНЁЯШНЁЯШНЁЯШНЁЯШН",2022-07-07T15:57:36Z,0,
ржЖржкржи ржарж┐ржХрж╛ржирж╛ (Apan Thikana),We are trying our best. тЭдя╕ПЁЯЩП,2022-07-07T14:16:18Z,6,
chowdhury taraq,ржЖрж▓рж╣рж╛ржоржжрзБрж▓рж┐рж▓рзНрж▓рж╛рж╣,2022-07-07T14:01:36Z,1,0
Usha Moni,Alhamdulillah тЭдя╕П,2022-07-07T14:00:52Z,3,0
manik bashar,ржЖрж▓рж╣рж╛ржоржжрзБрж▓рж┐рж▓рзНрж▓рж╛рж╣ ЁЯд▓ЁЯд▓ЁЯд▓,2022-07-07T14:00:51Z,1,0
MD GOLAM E  MOSTAFA,ржЖрж▓рж╣рж╛ржоржжрзБрж▓рж┐рж▓рзНрж▓рж╛рж╣ ржЖрж▓рж╣рж╛ржоржжрзБрж▓рж┐рж▓рзНрж▓рж╛рж╣ ржЖрж▓рж╣рж╛ржоржжрзБрж▓рж┐рж▓рзНрж▓рж╛рж╣ ржЖрж▓рж╣рж╛ржоржжрзБрж▓рж┐рж▓рзНрж▓рж╛рж╣ ржЖрж▓рж╣рж╛ржоржжрзБрж▓рж┐рж▓рзНрж▓рж╛рж╣ ржЖрж▓рж╣рж╛ржоржжрзБрж▓рж┐рж▓рзНрж▓рж╛рж╣ ржЖрж▓рж╣рж╛ржоржжрзБрж▓рж┐рж▓рзНрж▓рж╛рж╣ ржЖрж▓рж╣рж╛ржоржжрзБрж▓рж┐рж▓рзНрж▓рж╛рж╣ ржЖрж▓рж╣рж╛ржоржжрзБрж▓рж┐рж▓рзНрж▓рж╛рж╣ ржЖрж▓рж╣рж╛ржоржжрзБрж▓рж┐рж▓рзНрж▓рж╛рж╣ ржЖрж▓рж╣рж╛ржоржжрзБрж▓рж┐рж▓рзНрж▓рж╛рж╣ ржЖрж▓рж╣рж╛ржоржжрзБрж▓рж┐рж▓рзНрж▓рж╛рж╣ ржЖрж▓рж╣рж╛ржоржжрзБрж▓рж┐рж▓рзНрж▓рж╛рж╣ ржЖрж▓рж╣рж╛ржоржжрзБрж▓рж┐рж▓рзНрж▓рж╛рж╣Alhamdulillah Alhamdulillah Alhamdulillah Alhamdulillah Alhamdulillah Alhamdulillah Alhamdulillah Alhamdulillah Alhamdulillah Alhamdulillah Alhamdulillah Alhamdulillah Alhamdulillah Alhamdulillah Alhamdulillah Alhamdulillah Alhamdulillah Alhamdulillah Alhamdulillah Alhamdulillah Alhamdulillah Alhamdulillah Alhamdulillah Alhamdulillah,2022-07-07T14:00:44Z,3,1
mahabbat mondal,ржнрж╛ржЗржЬрж╛ржи ржЖржкржирж┐ рзйрзл ржмрж╛рж░ ржЖрж▓рж╣рж╛ржоржжрзБрж▓рж┐рж▓рзНрж▓рж╛рж╣ ржмрж▓рзЗржЫрзЗржи ржЖрж▓рж╣рж╛ржоржжрзБрж▓рж┐рж▓рзНрж▓рж╛рж╣,2022-07-07T15:47:44Z,0,
Md Faruk Hossain,ржЖрж▓рж╣рж╛ржоржжрзБрж▓рж┐рж▓рзНрж▓рж╛рж╣ред,2022-07-07T14:00:35Z,2,0
Hussain ahmed,ржЖрж▓рж╣рж╛ржоржжрзБрж▓рж┐рж▓рзНрж▓рж╛рж╣ ржЖрж▓рзНрж▓рж╛рж╣рж░ ржжрж░ржмрж╛рж░рзЗ рж▓ржХрзНрж╖ ржХрзЛржЯрж┐ рж╢рзБржХрж░рж┐рзЯрж╛ ржЖржжрж╛рзЯ ржХрж░ржЫрж┐,2022-07-07T13:59:41Z,6,0
Nfjf Ncmf,Amin,2022-07-07T13:59:07Z,1,0
Md Simul,ржЖрж▓рж╣рж╛ржоржжрзБрж▓рж┐рж▓рзНрж▓рж╛рж╣ рж╕ржмрж╛рж░ ржЬржирзНржп ржжрзЛрзЯрж╛ рж░ржЗрж▓рзЛ ржЖрж▓рзНрж▓рж╛рж╣ ржЬрзЗржирзЛ рж╕ржмрж╛ржЗржХрзЗ ржнрж╛рж▓рзЛ рж░рж╛ржЦрзЗ рж╕рзБрж╕рзНрже рж░рж╛ржЦрзЗ рж╕ржмрж╕ржорзЯ ржзржирзНржпржмрж╛ржж ржХрж┐ржмрж░рж┐рзЯрж╛ ржнрж╛ржЗ ржХрзЗ,2022-07-07T13:58:41Z,13,1
Sk Sagor70,"ржЖрж▓рж╣рж╛ржоржжрзБрж▓рж┐рж▓рзНрж▓рж╛рж╣ рзо ржЯрж┐ ржнрж┐ржбрж┐ржУ ржжрж┐ржпрж╝рзЗ рзи,рзпрзжрзж+ ржмржирзНржз ржкрзЗржпрж╝рзЗржЫрж┐ рж╢рзБржзрзБржорж╛рждрзНрж░ ржорж╛ржиржмрждрж╛рж░ ржХрж╛ржЬ ржХрж░рж┐ рждрж╛ржЗ рж╕ржмрж╛рж░ ржнрж╛рж▓рзЛржмрж╛рж╕рж╛ржпрж╝ ржПржЧрж┐ржпрж╝рзЗ ржпрзЗрждрзЗ ржЪрж╛ржЗ ЁЯШНЁЯШНЁЯШНЁЯМ╣ЁЯМ╣ЁЯМ╣ржЖржкржирж╛рж░рж╛ ржкрж╛рж╢рзЗ ржерж╛ржХржмрзЗржи рж╕ржмрж╛ржЗ ржХрзЗ ржЕржирзЗржХ ржЕржирзЗржХ ржзржирзНржпржмрж╛ржжЁЯСНЁЯТЯЁЯТЯЁЯТЯЁЯТЯ",2022-07-07T15:57:51Z,0,
Mohd Ibrahim,"ржжрзЗрж╛рзЯрж╛ рж░тАМрж╣рж┐тАМрж▓рзЗрж╛ ржЖржкржи ржарж┐ржХрж╛ржирж╛ ржЯрж┐ржо ржХрзЗ, ржП ржнрж╛тАМржмрзЗ рж╣рж╛тАМрж░рж┐тАМрзЯрзЗ ржЬрж╛ржУрзЯрж╛  ржорж╛ржирзБрж╖ ржЧрзБтАМрж▓рзЗрж╛ ржкрж╛тАМржмрзЗ рждрж╛рж░ ржарж┐ржХрж╛ржирж╛,",2022-07-07T13:57:28Z,2,0
Kamruj Jaman,Alhamdulillah,2022-07-07T13:57:20Z,2,0
atiullah sarker,ржзржирзНржпржмрж╛ржж,2022-07-07T13:57:13Z,2,0
рж╢рзЗржЦ ржЬрзБрж▓рж╣рж╛рж╕,ржЖрж╣рж╛рж░рзЗ,2022-07-07T13:57:03Z,2,0
Mahmudul hasan Mahfuz,ржЖрж▓рж╣рж╛ржоржжрзБрж▓рж┐рж▓рзНрж▓рж╛рж╣,2022-07-07T13:57:03Z,1,0
md Nazrul Islam,"ржЖрж▓рж╣рж╛ржоржжрзБрж▓рж┐рж▓рзНрж▓рж╛рж╣ ржнрж╛ржЗ ржЖрж▓рзНрж▓рж╛рж╣ ржЖржкржирж╛рж░ ржирзЗржХ рж╣рж╛рзЯрж╛ржд ржжрж╛ржи ржХрж░рзБржи,,,, ржмрж┐ржкржж ржЖржкржж ржерзЗржХрзЗ рж░ржХрзНрж╖рж╛ ржХрж░рзЗржи рж╕рзБрж╕рзНрже рж╕рзБржирзНржжрж░ ржнрж╛ржмрзЗ ржпрзЗржи ржЬрзАржмржи ржпрж╛ржкржи ржХрж░рж╛рж░ рждрзМржлрж┐ржХ ржжрзЗржи ржПржмржВ ржПржнрж╛ржмрзЗ ржЧрж░рзАрж░ ржЕрж╕рж╣рж╛рзЯ ржорж╛ржирзБрж╖рзЗрж░ ржкрж╛рж╢рзЗ ржзрж╛рж░рж╛ржи,,,ржЖржЗ рж╕рзНржпрж╛рж▓рзБржЯ ржнрж╛ржЗЁЯЩЛтАНтЩВя╕ПЁЯЩЛтАНтЩВя╕ПЁЯЩЛтАНтЩВя╕П",2022-07-07T13:54:58Z,34,0
Md Majadul Haque,ржЖржорж╛рж░ ржмрж╛рзЬрж┐ржУ рж▓ржХрзНрж╖рж┐ржкрж╛рж╕рж╛редржирзЬрж╛ржЗрж▓ ржЬрзЗрж▓рж╛рзЯ ржкрзЬржЫрзЗредржП ржЦрж╛ржирзЗрж░ ржПржоржкрж┐ ржорж╛рж╢рж░рж╛ржлрж┐ ржнрж╛ржЗред,2022-07-07T13:54:52Z,2,0
Rupa Akter,ржЖрж▓рж╣рж╛ржоржжрзБрж▓рж┐рж▓рзНрж▓рж╛рж╣рзН,2022-07-07T13:53:45Z,2,0
hanif Miya,ржЖрж▓рж╣рж╛ржоржжрзБрж▓рж┐рж▓рзНрж▓рж╛рж╣ ржХрж╛рж▓ржХрзЗ рж╢рзБржХрзНрж░ржмрж╛рж░ рж╣ржЬрзНржЬрзЗрж░ ржжрж┐ржи ржЖржорж░рж╛ рж╕ржмрж╛ржЗ рж░рзЛржпрж╛ рж░рж╛ржЦрж╛ржмрзЛ ржЗржирж╢рж╛ржЖрж▓рзНрж▓рж╛рж╣,2022-07-07T13:53:35Z,45,6
Layabur Rahaman,ржХрж┐ ржмрж▓рзЗ ржЖржкржирж╛ржХрзЗ ржжрзЛрзЯрж╛ржХрж░ржмрзЛ,2022-07-12T07:39:01Z,0,
Sk Sagor70,"ржЖрж▓рж╣рж╛ржоржжрзБрж▓рж┐рж▓рзНрж▓рж╛рж╣ рзо ржЯрж┐ ржнрж┐ржбрж┐ржУ ржжрж┐ржпрж╝рзЗ рзи,рзпрзжрзж+ ржмржирзНржз ржкрзЗржпрж╝рзЗржЫрж┐ рж╢рзБржзрзБржорж╛рждрзНрж░ ржорж╛ржиржмрждрж╛рж░ ржХрж╛ржЬ ржХрж░рж┐ рждрж╛ржЗ рж╕ржмрж╛рж░ ржнрж╛рж▓рзЛржмрж╛рж╕рж╛ржпрж╝ ржПржЧрж┐ржпрж╝рзЗ ржпрзЗрждрзЗ ржЪрж╛ржЗ ЁЯШНЁЯШНЁЯШНЁЯМ╣ЁЯМ╣ЁЯМ╣ржЖржкржирж╛рж░рж╛ ржкрж╛рж╢рзЗ ржерж╛ржХржмрзЗржи рж╕ржмрж╛ржЗ ржХрзЗ ржЕржирзЗржХ ржЕржирзЗржХ ржзржирзНржпржмрж╛ржжЁЯСНЁЯТЭЁЯТЭ",2022-07-07T15:53:37Z,1,
Rubina Akther,@Jorna Khalil gh u,2022-07-07T15:51:50Z,1,
Masum Khan,@Jorna Khalil ├А,2022-07-07T15:30:14Z,0,
Jorna Khalil,ржЗржирж╢рж╛ржЖрж▓рзНрж▓рж╛рж╣ ржЖржЧрж╛ржорзА ржХрж╛рж▓  рж░рзЛржЬрж╛  рж░рж╛ржЦржмрзЛ,2022-07-07T14:45:06Z,4,
Md Iqbal,ржЖржорж┐ржУ ржЗржирж╢рж╛ржЖрж▓рзНрж▓рж╛рж╣,2022-07-07T14:15:08Z,2,
Dj Abir vii,ржЖрж▓рж╣рж╛ржоржжрзБрж▓рж┐рж▓рзНрж▓рж╛рж╣,2022-07-07T13:52:49Z,1,0
Santamoni Santamoni,рж░рзБржирж╛рж░  ржЖржкрзБрж░  ржЬржирзНржп   рж╢рзБржнржХрж╛ржоржирж╛   рж░ржЗрж▓ред,2022-07-07T13:52:09Z,7,0
Md Sabul Mia,ржЖрж▓рж╣рж╛ржоржжрзБрж▓рж┐рж▓рзНрж▓рж╛рж╣ ржЖрж▓рж╣рж╛ржоржжрзБрж▓рж┐рж▓рзНрж▓рж╛рж╣,2022-07-07T13:52:01Z,2,0
jahura khatun,ржЖрж▓рж╣рж╛ржоржжрзБрж▓рж┐рж▓рзНрж▓рж╛рж╣  рж╢рзЛржХ рж░рж┐рзЯрж╛ ред ржЖржкржи  ржарж┐ржХрж╛ржирж╛ рж░  ржЙржЫрж┐рж▓рзНрж▓рж╛рзЯ  ржПржЗ ржмрзЛржиржЯрж┐ржУ  рж░ржХрзНрждрзЗрж░ рж╕ржорзНржкрж░рзНржХрзЗрж░ ржЖржкржи ржЬржирзЗрж░ ржХрж╛ржЫрзЗ  ржлрж┐рж░рзЗ  ржпрж╛ржмрзЗ  ржЗржирж╢рж╛ржЖрж▓рзНрж▓рж╛рж╣ ред ржЖржкржи ржарж┐ржХрж╛ржирж╛ рж░  рж╕ржВрж╢рзНрж▓рж┐рж╖рзНржЯ рж╕ржмрж╛ржЗржХрзЗ  ржИржж ржорзЛржмрж╛рж░ржХ ред ржнрж╛рж▓рзЛ  ржерж╛ржХржмрзЗржи  ржУ рж╕рж╛ржмржзрж╛ржирзЗ ржерж╛ржХржмрзЗржи,2022-07-07T13:51:56Z,20,1
Sk Sagor70,"ржЖрж▓рж╣рж╛ржоржжрзБрж▓рж┐рж▓рзНрж▓рж╛рж╣ рзо ржЯрж┐ ржнрж┐ржбрж┐ржУ ржжрж┐ржпрж╝рзЗ рзи,рзпрзжрзж+ ржмржирзНржз ржкрзЗржпрж╝рзЗржЫрж┐ рж╢рзБржзрзБржорж╛рждрзНрж░ ржорж╛ржиржмрждрж╛рж░ ржХрж╛ржЬ ржХрж░рж┐ рждрж╛ржЗ рж╕ржмрж╛рж░ ржнрж╛рж▓рзЛржмрж╛рж╕рж╛ржпрж╝ ржПржЧрж┐ржпрж╝рзЗ ржпрзЗрждрзЗ ржЪрж╛ржЗ ЁЯШНЁЯШНЁЯШНЁЯМ╣ЁЯМ╣ЁЯМ╣ржЖржкржирж╛рж░рж╛ ржкрж╛рж╢рзЗ ржерж╛ржХржмрзЗржи рж╕ржмрж╛ржЗ ржХрзЗ ржЕржирзЗржХ ржЕржирзЗржХ ржзржирзНржпржмрж╛ржжЁЯСНЁЯТЭЁЯТЭ",2022-07-07T15:55:46Z,0,
Mohammad Eadul islam,ржЖрж▓рж╣рж╛ржоржжрзБрж▓рж┐рж▓рзНрж▓рж╛рж╣ ржЖрж▓рж╣рж╛ржоржжрзБрж▓рж┐рж▓рзНрж▓рж╛рж╣ ржЖрж▓рж╣рж╛ржоржжрзБрж▓рж┐рж▓рзНрж▓рж╛рж╣,2022-07-07T13:50:00Z,2,0
Mohammad Monir,ржЖрж▓рж╣рж╛ржоржжрзБрж▓рж┐рж▓рзНрж▓рж╛рж╣ред ржЖрж▓рзНрж▓рж╛рж╣ ржпрзЗржи рждрж╛ржжрзЗрж░ рж░ржХрзНрждрзЗрж░ рж╕ржорзНржкрж░рзНржХ рж╕ржм рж╕ржорзЯ ржнрж╛рж▓рзЛ рж░рж╛ржЦрзЗржиред ржЖржорж┐ржи,2022-07-07T13:49:50Z,34,1
Sk Sagor70,"ржЖрж▓рж╣рж╛ржоржжрзБрж▓рж┐рж▓рзНрж▓рж╛рж╣ рзо ржЯрж┐ ржнрж┐ржбрж┐ржУ ржжрж┐ржпрж╝рзЗ рзи,рзпрзжрзж+ ржмржирзНржз ржкрзЗржпрж╝рзЗржЫрж┐ рж╢рзБржзрзБржорж╛рждрзНрж░ ржорж╛ржиржмрждрж╛рж░ ржХрж╛ржЬ ржХрж░рж┐ рждрж╛ржЗ рж╕ржмрж╛рж░ ржнрж╛рж▓рзЛржмрж╛рж╕рж╛ржпрж╝ ржПржЧрж┐ржпрж╝рзЗ ржпрзЗрждрзЗ ржЪрж╛ржЗ ЁЯШНЁЯШНЁЯШНЁЯМ╣ЁЯМ╣ЁЯМ╣ржЖржкржирж╛рж░рж╛ ржкрж╛рж╢рзЗ ржерж╛ржХржмрзЗржи рж╕ржмрж╛ржЗ ржХрзЗ ржЕржирзЗржХ ржЕржирзЗржХ ржзржирзНржпржмрж╛ржжЁЯСНЁЯМ╣ЁЯМ╣ЁЯМ╣",2022-07-07T15:56:03Z,0,
Sn Sadb,ржЖрж▓рж╛рж╣рж╛ржжрзБрж▓рж┐рж▓рж╣,2022-07-07T13:49:38Z,1,0
Sazzadur Barbhuiya,ржЖржЪрзНржЫрж╛рж▓рж╛ржорзБ ржЖрж▓рж╛ржЗржХрзБржо ржнрж╛рж░рждрзЗрж░ ржЖрж╕рж╛ржо ржерзЗржХрзЗ ржжрзЗржЦрж╛ рж╕рзБрж░рзБ ржХрж░рж┐рж▓рж╛ржо,2022-07-07T13:49:21Z,5,1
Shah-Alam Chowdhury,ржУрзЯрж╛рж▓рж╛ржЗржХрзБржорзБрж╕ рж╕рж╛рж▓рж╛ржоредрж╕рзНржмрж╛ржЧрждржо ржЖржкржирж╛ржХрзЗред,2022-07-07T15:11:30Z,0,
Kamruz Zaman,ржЖрж▓рж╣рж╛ржоржжрзБрж▓рж┐рж▓рзНрж▓рж╛рж╣ред  ржЖржорж╛рж░ ржпрж╢рзЛрж░рзЗрж░ ржмрзЛржиредржмрзЛржирзЗрж░ рж╕рж╛ржерзЗ ржЪрзЗрж╣рж╛рж░рж╛рзЯ ржПржХржжржо ржорж┐рж▓ред,2022-07-07T13:49:05Z,8,0
Mohammad Faisal.,ржЖрж▓рж╣рж╛ржоржжрзБрж▓рж┐рж▓рзНрж▓рж╛рж╣.,2022-07-07T13:49:04Z,2,0
Afrin jahan afrin,"ржЖрж▓рж╣рж╛ржоржжрзБрж▓рж┐рж▓рзНрж▓рж╛рж╣,, рж╕ржмрж╛ржЗржХрзЗ ржЬрж╛ржирж╛ржЗ ржИржжрзБрж▓ ржЖржЬрж╣рж╛рж░ рж╢рзБржнрзЗржЪрзНржЫрж╛,, ржИржж ржорзЛржмрж╛рж░ржХред  ЁЯеАЁЯеАЁЯеАЁЯеА",2022-07-07T13:49:02Z,16,1
Sk Sagor70,"ржЖрж▓рж╣рж╛ржоржжрзБрж▓рж┐рж▓рзНрж▓рж╛рж╣ рзо ржЯрж┐ ржнрж┐ржбрж┐ржУ ржжрж┐ржпрж╝рзЗ рзи,рзпрзжрзж+ ржмржирзНржз ржкрзЗржпрж╝рзЗржЫрж┐ рж╢рзБржзрзБржорж╛рждрзНрж░ ржорж╛ржиржмрждрж╛рж░ ржХрж╛ржЬ ржХрж░рж┐ рждрж╛ржЗ рж╕ржмрж╛рж░ ржнрж╛рж▓рзЛржмрж╛рж╕рж╛ржпрж╝ ржПржЧрж┐ржпрж╝рзЗ ржпрзЗрждрзЗ ржЪрж╛ржЗ ЁЯШНЁЯШНЁЯШНЁЯМ╣ЁЯМ╣ЁЯМ╣ржЖржкржирж╛рж░рж╛ ржкрж╛рж╢рзЗ ржерж╛ржХржмрзЗржи рж╕ржмрж╛ржЗ ржХрзЗ ржЕржирзЗржХ ржЕржирзЗржХ ржзржирзНржпржмрж╛ржжЁЯСНЁЯШНЁЯШНЁЯШН",2022-07-07T15:56:19Z,0,
Miftahuljannat Hasiba,ржЖрж▓рж╣рж╛ржоржжрзБрж▓рж┐рж▓рзНрж▓рж╛рж╣ тЭдя╕ПтЭдя╕ПтЭдя╕ПтЭдя╕П,2022-07-07T13:48:06Z,4,0
SM SHAHIN,ржЖрж▓рж╣рж╛ржоржжрзБрж▓рж┐рж▓рзНрж▓рж╛рж╣,2022-07-07T13:47:55Z,2,0
md Abdul hannan,ржЖрж▓рж╣рж╛ржоржжрзБрж▓рж┐рж▓рзНрж▓рж╛рж╣рзН,2022-07-07T13:47:52Z,1,0
Red One,ржЖржорж┐ржи,2022-07-07T13:47:49Z,1,0
Anwar Arshaf Ali Anowara,Alhamdulillah,2022-07-07T13:46:46Z,2,0
VOICE OF QURAN,"ржЖржкржирж╛рж░ ржнрж╛рж▓рзЛ ржХрж╛ржЬ ржЧрзБрж▓рзЛ ржжрзЗржЦрзЗ ржЪрзЛржЦрзЗ ржкрж╛ржирж┐ ржЪрж▓рзЗ ржЖрж╕рзЗ, ржЖрж▓рзНрж▓рж╛рж╣ ржЖржкржирж╛ржХрзЗ ржжрзБржирж┐ржпрж╝рж╛ ржПржмржВ ржЖржЦрзЗрж░рж╛рждрзЗрж░ рж╕ржорзНржорж╛ржи ржжрж╛ржи ржХрж░рзБржХ ржЖржорж┐ржи",2022-07-07T13:46:45Z,11,1
Sk Sagor70,"ржЖрж▓рж╣рж╛ржоржжрзБрж▓рж┐рж▓рзНрж▓рж╛рж╣ рзо ржЯрж┐ ржнрж┐ржбрж┐ржУ ржжрж┐ржпрж╝рзЗ рзи,рзпрзжрзж+ ржмржирзНржз ржкрзЗржпрж╝рзЗржЫрж┐ рж╢рзБржзрзБржорж╛рждрзНрж░ ржорж╛ржиржмрждрж╛рж░ ржХрж╛ржЬ ржХрж░рж┐ рждрж╛ржЗ рж╕ржмрж╛рж░ ржнрж╛рж▓рзЛржмрж╛рж╕рж╛ржпрж╝ ржПржЧрж┐ржпрж╝рзЗ ржпрзЗрждрзЗ ржЪрж╛ржЗ ЁЯШНЁЯШНЁЯШНЁЯМ╣ЁЯМ╣ЁЯМ╣ржЖржкржирж╛рж░рж╛ ржкрж╛рж╢рзЗ ржерж╛ржХржмрзЗржи рж╕ржмрж╛ржЗ ржХрзЗ ржЕржирзЗржХ ржЕржирзЗржХ ржзржирзНржпржмрж╛ржжЁЯСНЁЯМ╣ЁЯМ╣ЁЯМ╣ЁЯМ╣ЁЯМ╣",2022-07-07T15:57:09Z,0,
Y Z,ржЖрж▓рзНрж▓рж╛рж╣ ржЖржкржирж╛рж░ ржП ржЦрзЗржжржорждржХрзЗ ржирж╛ржЬрж╛рждрзЗрж░ ржУрж╕рж┐рж▓рж╛ ржмрж╛ржирж╛ржиред,2022-07-07T13:46:17Z,10,0
Najma vloger,ржЖрж▓рж╣рж╛ржоржжрзБрж▓рж┐рж▓рзНрж▓рж╛рж╣ рж░рзБржирж╛ ржЖржкрзБ ржлрж┐рж░рзЗ ржЧрзЗрж▓рзЗрж╛ рждрж╛рж░ ржЖржкржи ржарж┐ржХрж╛ржирж╛ржпрж╝ред,2022-07-07T13:46:06Z,16,0
Mijan al majhar,"ржП ржЬржирзНржпржЗ ржмрж▓рж╛ рж╣рзЯ ржпрзЗ, ржорж╛'рзЯрзЗрж░ рждрзБрж▓ржирж╛рзЯ рж╢рзБржзрзБржЗ ржорж╛редрж╣рж╛ржЬрж╛рж░рзЛ  рж╕рж╛рж▓рж╛ржо рж╕ржХрж▓ ржорж╛рзЯрзЗрж░ ржкрзНрж░рждрж┐ред ЁЯШнЁЯШнЁЯШнЁЯШнЁЯШн",2022-07-07T13:46:02Z,40,3
Ahad Ahmed,ржХрж┐ ржЖржкржирж╛рж░ ржирж╛ржЗ ржмрж┐рзЯрзЗ ржХрж░рзЗржи ржирж╛ржЗ,2022-07-07T17:59:29Z,0,
Ruksana Nina,Right,2022-07-07T16:05:22Z,0,
Sk Sagor70,"ржЖрж▓рж╣рж╛ржоржжрзБрж▓рж┐рж▓рзНрж▓рж╛рж╣ рзо ржЯрж┐ ржнрж┐ржбрж┐ржУ ржжрж┐ржпрж╝рзЗ рзи,рзпрзжрзж+ ржмржирзНржз ржкрзЗржпрж╝рзЗржЫрж┐ рж╢рзБржзрзБржорж╛рждрзНрж░ ржорж╛ржиржмрждрж╛рж░ ржХрж╛ржЬ ржХрж░рж┐ рждрж╛ржЗ рж╕ржмрж╛рж░ ржнрж╛рж▓рзЛржмрж╛рж╕рж╛ржпрж╝ ржПржЧрж┐ржпрж╝рзЗ ржпрзЗрждрзЗ ржЪрж╛ржЗ ЁЯШНЁЯШНЁЯШНЁЯМ╣ЁЯМ╣ЁЯМ╣ржЖржкржирж╛рж░рж╛ ржкрж╛рж╢рзЗ ржерж╛ржХржмрзЗржи рж╕ржмрж╛ржЗ ржХрзЗ ржЕржирзЗржХ ржЕржирзЗржХ ржзржирзНржпржмрж╛ржжЁЯСНЁЯМ╣ЁЯМ╣ЁЯМ╣",2022-07-07T15:54:44Z,0,
Nasir Pordan,"ржЖрж▓рж╣рж╛ржоржжрзБрж▓рж┐рж▓рзНрж▓рж╛рж╣, ржнрж┐ржбрж┐ржУ ржжрзЗржЦрж╛ рж╢рзБрж░рзБ ржХрж░рж▓рж╛ржоред",2022-07-07T13:45:18Z,4,0
Molik Kamal,ржжрзЗржЦрж╛ рж╢рзБрж░рзБ ржХрж░рж▓рж╛ржоред,2022-07-07T13:44:59Z,2,0
Dhalia Begum,ржЖрж▓рж╣рж╛ржоржжрзБрж▓рж┐рж▓рзНрж▓рж╛рж╣ рж░рзБржирж╛ ржлрж┐рж░рзЗ ржЧрзЗрж▓ рждрж╛рж░ ржЖржкржи ржарж┐ржХрж╛ржирж╛рзЯ ЁЯеАЁЯеА,2022-07-07T13:44:51Z,9,0
Alamgirhossin999 Alamgirhossin999,ржЖржЬ ржорж╛ ржорзЗржпрж╝рзЗржХрзЗ ржорзЗржбрж┐ржХрзНржпрж╛рж▓ ржЯрзЗрж╕рзНржЯ ржХрж░рж┐рж▓рзЛ ржЖржорж┐ржи ржЕржирзЗржХ ржнрж╛рж▓рзЛ рж▓рж╛ржЧрж┐рж▓ред,2022-07-07T13:44:23Z,6,0
Sattar Ali,Assalamu alaikum,2022-07-07T13:44:18Z,2,0
Joshim Uddin,ржЖрж▓рж╣рж╛ржоржжрзБрж▓рж┐рж▓рзНрж▓рж╛рж╣ ржжрзЛрзЯрж╛ рж░ржЗрж▓,2022-07-07T13:44:09Z,5,0
Runa Afzal,ржЖрж▓рж╣рж╛ржоржжрзБрж▓рж┐рж▓рзНрж▓рж╛рж╣  тЭгя╕ПтЭгя╕П,2022-07-07T13:44:05Z,8,0
Ahmadullah,ржЖржкржирж╛рж░ ржХрж╛ржЬржЧрзБрж▓рзЛ ржкрзНрж░рж╢ржВрж╕ржирзАрзЯ ржоржирзЗрж░ ржЕржЬрж╛ржирзНрждрзЗржЗ ржЪрзЛржЦрзЗ ржкрж╛ржирж┐ ржЪрж▓рзЗ ржЖрж╕рзЗред  ржЖрж▓рзНрж▓рж╛рж╣ рж╕рзБржмрж╣рж╛ржирж╛рж╣рзБ ржУрзЯрж╛рждрж╛ржЖ'рж▓рж╛ ржЖржкржирж╛рж░ ржнрж╛рж▓рзЛржХрж╛ржЬ ржЧрзБрж▓рзЛ ржХржмрзБрж▓ ржХрж░рзБржиред ржнрж╛рж▓рзЛржХрж╛ржЬрзЗрж░ ржЙрждрзНрждржо ржмрж┐ржирж┐ржорзЯ ржжрж╛ржи ржХрж░рзБржи ржПржмржВ рж╕ржорзНржорж╛ржи ржмрж╛рзЬрж┐рзЯрзЗ ржжрзЗржи ржжрзБржирж┐рзЯрж╛рзЯ ржУ ржЖржЦрж┐рж░рж╛рждрзЗред,2022-07-07T13:43:57Z,28,0
taniya sarker,Update  mane valobasaтЭдЁЯд▓,2022-07-07T13:43:50Z,4,0
RAIANA ZAMAN,Alhamdulillah,2022-07-07T13:43:43Z,1,0
Hasan Khan8333,ржЖржорж┐ рззржо ржХржорзЗржирзНржЯ,2022-07-07T13:43:36Z,1,0
Amir Hossen,ржЖрж▓рж╣рж╛ржоржжрзБрж▓рж┐рж▓рзНрж▓рж╛рж╣,2022-07-07T13:43:26Z,1,0
md shariful Islam,"ржЖрж▓рж╣рж╛ржоржжрзБрж▓рж┐рж▓рзНрж▓рж╛рж╣ ржПржЗ ржмрзЛржиржЯрж┐рж░ ржЬржирзНржп ржжрзЛрзЯрж╛ рж░ржЗрж▓рзЛ, ржмрж╛ржХрж┐ ржЬрзАржмржиржЯрж╛ ржпрзЗржирзЛ рж╕рзБржЦрзЗ рж╢рж╛ржирзНрждрж┐рждрзЗ ржХрж╛ржЯрж╛рждрзЗ ржкрж╛рж░рзЗред",2022-07-07T13:43:17Z,8,0
Md Hasinur,ржЖрж▓рж╣рж╛ржоржжрзБрж▓рж┐рж▓рзНрж▓рж╛рж╣редред,2022-07-07T13:43:13Z,2,0
Aziz Ahmed,ржЖрж▓рж╣рж╛ржоржжрзБрж▓рж┐рж▓рзНрж▓рж╛рж╣ред рж╕ржорж╕рзНржд ржкрзНрж░рж╢ржВрж╕рж╛рж░ ржорж╛рж▓рж┐ржХ ржПржХржорж╛рждрзНрж░ ржЖрж▓рзНрж▓рж╛рж╣рж░ред,2022-07-07T13:42:56Z,18,1
Sk Sagor70,"ржЖрж▓рж╣рж╛ржоржжрзБрж▓рж┐рж▓рзНрж▓рж╛рж╣ рзо ржЯрж┐ ржнрж┐ржбрж┐ржУ ржжрж┐ржпрж╝рзЗ рзи,рзпрзжрзж+ ржмржирзНржз ржкрзЗржпрж╝рзЗржЫрж┐ рж╢рзБржзрзБржорж╛рждрзНрж░ ржорж╛ржиржмрждрж╛рж░ ржХрж╛ржЬ ржХрж░рж┐ рждрж╛ржЗ рж╕ржмрж╛рж░ ржнрж╛рж▓рзЛржмрж╛рж╕рж╛ржпрж╝ ржПржЧрж┐ржпрж╝рзЗ ржпрзЗрждрзЗ ржЪрж╛ржЗ ЁЯШНЁЯШНЁЯШНЁЯМ╣ЁЯМ╣ЁЯМ╣ржЖржкржирж╛рж░рж╛ ржкрж╛рж╢рзЗ ржерж╛ржХржмрзЗржи рж╕ржмрж╛ржЗ ржХрзЗ ржЕржирзЗржХ ржЕржирзЗржХ ржзржирзНржпржмрж╛ржжЁЯСНЁЯТЯЁЯТЯЁЯТЯЁЯТЯ",2022-07-07T15:56:37Z,0,
taniya sarker,ALHUMDULILLAHЁЯд▓тЭд,2022-07-07T13:42:56Z,6,0
Sumon Sek,ржЖрж▓рж╣рж╛ржоржжрзБрж▓рж┐рж▓рзНрж▓рж╛рж╣,2022-07-07T13:42:52Z,3,0
Nazim Chy,Alhamdulillah,2022-07-07T13:42:52Z,2,0
A H LIMON,"ржЖрж▓рж╣рж╛ржоржжрзБрж▓рж┐рж▓рзНрж▓рж╛рж╣ тЭдя╕ПтЭдя╕П
ржЖрж▓рзНрж▓рж╛рж╣рж░ рж░рж╣ржорждрзЗ рж░рзБржирж╛ ржЖржкрзБржУ ржлрж┐рж░рзЗ ржЧрзЗрж▓рзЛ ржЖржкржи ржарж┐ржХрж╛ржирж╛рзЯред",2022-07-07T13:42:46Z,34,1
Sk Sagor70,"ржЖрж▓рж╣рж╛ржоржжрзБрж▓рж┐рж▓рзНрж▓рж╛рж╣ рзо ржЯрж┐ ржнрж┐ржбрж┐ржУ ржжрж┐ржпрж╝рзЗ рзи,рзпрзжрзж+ ржмржирзНржз ржкрзЗржпрж╝рзЗржЫрж┐ рж╢рзБржзрзБржорж╛рждрзНрж░ ржорж╛ржиржмрждрж╛рж░ ржХрж╛ржЬ ржХрж░рж┐ рждрж╛ржЗ рж╕ржмрж╛рж░ ржнрж╛рж▓рзЛржмрж╛рж╕рж╛ржпрж╝ ржПржЧрж┐ржпрж╝рзЗ ржпрзЗрждрзЗ ржЪрж╛ржЗ ЁЯШНЁЯШНЁЯШНЁЯМ╣ЁЯМ╣ЁЯМ╣ржЖржкржирж╛рж░рж╛ ржкрж╛рж╢рзЗ ржерж╛ржХржмрзЗржи рж╕ржмрж╛ржЗ ржХрзЗ ржЕржирзЗржХ ржЕржирзЗржХ ржзржирзНржпржмрж╛ржжЁЯСНЁЯТЯЁЯТЯ",2022-07-07T15:55:30Z,1,
Efrat Sarkar,ржЖрж▓рж╣рж╛ржоржжрзБрж▓рж┐рж▓рзНрж▓рж╛рж╣ ржИржжрзЗрж░ ржЖржЧрзЗ рж╕ржмрж╛ржЗ ржПржХрж╕ржЩрзНржЧрзЗ ржЖрж░рзЗржХ ржЯрж╛ ржИржжрзЗрж░ ржжрж┐ржи,2022-07-07T13:42:41Z,8,0
Nazrul Islam,alhamdulillah,2022-07-07T13:42:37Z,1,0
Kama Ruzzman,ржЖрж▓рж╣рж╛ржоржжрзБрж▓рж┐рж▓рзНрж▓рж╛рж╣ ЁЯТЮЁЯТЮЁЯТЮ,2022-07-07T13:42:35Z,8,0
TOFAYEL AHMMED,ржЖрж╕рж╕рж╛рж▓рж╛ржорзБ ржЖрж▓рж╛ржЗржХрзБржо,2022-07-07T13:42:27Z,2,0
jakierhossain be Hussain,Nic,2022-07-07T13:42:21Z,1,0
Kaniz Fatema,ржЖрж▓рж╣рж╛ржоржжрзБрж▓рж┐рж▓рзНрж▓рж╛рж╣,2022-07-07T13:42:19Z,1,0
faysal khan,тЭд I love you RJ тЭдтЭдтЭдтЭд,2022-07-07T13:42:17Z,4,0
TOFAYEL AHMMED,рж╕рж╛рж▓рж╛ржорзБржЖрж▓рж╛ржЗржХрзБржо ржЖрж▓рж╣рж╛ржоржжрзБрж▓рж┐рж▓рзНрж▓рж╛рж╣ ржжрзЗржЦрж╛ рж╢рзБрж░рзБ ржХрж░рж▓рж╛ржо ржЖржмрзБржзрж╛ржмрж┐ ржерзЗржХрзЗ ржнрж╛рж▓рзЛ ржерж╛ржХржмрзЗржи ржнрж╛рж▓рзЛ рж░рж╛ржЦржмрзЗржи ржЖрж▓рзНрж▓рж╛рж╣ рж╣рж╛ржлрзЗржЬ,2022-07-07T13:42:10Z,3,2
Md Jasim Uddin,ржЖржкржирж╛рж░ рж╕рж╛рж▓рж╛ржорзЗ ржнрзБрж▓ ржЖржЫрзЗ рж╕рж╛рж▓рж╛ржо рж╣ржЪрзНржЫрзЗред ржЖрж╕рж╕рж╛рж▓рж╛ржорзБ ржЖрж▓рж╛ржЗржХрзБржо ржУрж░рж╛рж╣ржорж╛рждрзБрж▓рзНрж▓рж╛рж╣ред,2022-07-07T14:26:19Z,0,
Saimoon Hoque,"ржЖрж╕рж╕рж╛рж▓рж╛ржорзБ ржЖрж▓рж╛ржЗржХрзБржо ,",2022-07-07T14:06:04Z,0,
Nishu Buri,ржЖрж▓рж╣рж╛ржоржжрзБрж▓рж┐рж▓рзНрж▓рж╛рж╣,2022-07-07T13:42:10Z,1,0
Sa Tuhin Bhuiyan,"ржЖрж▓рж╣рж╛ржоржжрзБрж▓рж┐рж▓рзНрж▓рж╛рж╣ред
рж░рзБржирж╛ ржЖржкрзБрж░ ржПржмрж╛рж░рзЗрж░ ржИржж рж╣ржмрзЗ ржЕржирзНржпрж░ржХржоред тЭгя╕ПЁЯд▓",2022-07-07T13:42:09Z,20,1
Monsur Alom,ржнрж╛ржЗ ржЖржорж┐ржУ ржЖржкржирж╛рж░ рж╕ржЩрзНржЧрзЗ ржПржХржорждред ржЖрж▓рзНрж▓рж╛рж╣рж░ рж░рж╣ржорждрзЗ ржнрж╛рж▓рзЛ рж╣ржмрзЗ ржЗржирж╢рж╛ржЖрж▓рзНрж▓рж╛рж╣ред,2022-07-07T14:14:44Z,1,
Numan Ahmed,ржЖрж▓рж╣рж╛ржоржжрзБрж▓рж┐рж▓рзНрж▓рж╛рж╣ред,2022-07-07T13:42:05Z,2,0
Mahi Manha,ржЖрж▓рж╣рж╛ржоржжрзБрж▓рж┐рж▓рзНрж▓рж╛рж╣,2022-07-07T13:41:57Z,3,0
SK Hossain,ржЖрж▓рж╣рж╛ржоржжрзБрж▓рж┐рж▓рзНрж▓рж╛рж╣,2022-07-07T13:41:57Z,1,0
shorov shorov,ржЖрж▓рж╣рж╛ржоржжрзБрж▓рж┐рж▓рзНрж▓рж╛рж╣,2022-07-07T13:41:57Z,1,0
Khadiza,Alhamdulillah,2022-07-07T13:41:54Z,1,0
Muhammad Harun,ржЖрж▓рж╣рж╛ржоржжрзБрж▓рж┐рж▓рзНрж▓рж╛рж╣ тЭдя╕П,2022-07-07T13:41:53Z,5,0
Riyado Ha,тЭдя╕П,2022-07-07T13:41:51Z,1,0
